[{"Id":500,"Name":"Patti Sporer","BirthDate":"1999-08-12T13:23:20.3993988-03:00","Source":1},{"Id":501,"Name":"Wilbert Bergnaum","BirthDate":"1963-10-20T08:03:28.2241771-03:00","Source":1},{"Id":502,"Name":"Joey Thiel","BirthDate":"1958-03-24T13:20:26.8232728-03:00","Source":1},{"Id":503,"Name":"Constance Gusikowski","BirthDate":"1979-04-27T22:58:32.5367634-03:00","Source":1},{"Id":504,"Name":"Abraham Corkery","BirthDate":"1959-07-21T12:11:11.6812838-03:00","Source":1},{"Id":505,"Name":"Rickey Prosacco","BirthDate":"1964-09-13T13:50:56.0664836-03:00","Source":1},{"Id":506,"Name":"Tiffany Towne","BirthDate":"1956-06-17T21:59:31.7401317-03:00","Source":1},{"Id":507,"Name":"Juana Bailey","BirthDate":"1978-11-10T18:24:06.2884597-02:00","Source":1},{"Id":508,"Name":"Diana Kuhn","BirthDate":"1988-10-02T23:45:08.7328945-03:00","Source":1},{"Id":509,"Name":"Celia Thiel","BirthDate":"1996-10-17T05:17:31.7796729-03:00","Source":1},{"Id":510,"Name":"Diana Crona","BirthDate":"1961-10-04T00:57:15.6608764-03:00","Source":1},{"Id":511,"Name":"Linda Kuvalis","BirthDate":"2003-12-07T04:09:32.5396453-02:00","Source":1},{"Id":512,"Name":"Mary Parisian","BirthDate":"1976-01-04T02:54:31.2455095-02:00","Source":1},{"Id":513,"Name":"Vernon Rosenbaum","BirthDate":"1961-05-04T13:47:57.2077496-03:00","Source":1},{"Id":514,"Name":"Tracy Crooks","BirthDate":"1979-09-26T00:49:12.552584-03:00","Source":1},{"Id":515,"Name":"Miriam Stark","BirthDate":"1992-07-06T16:38:13.5631994-03:00","Source":1},{"Id":516,"Name":"Linda McClure","BirthDate":"1965-07-28T23:32:01.1290225-03:00","Source":1},{"Id":517,"Name":"Maurice Ryan","BirthDate":"1984-12-21T10:41:21.6791198-02:00","Source":1},{"Id":518,"Name":"Lynette Blanda","BirthDate":"1991-08-17T12:58:10.1832425-03:00","Source":1},{"Id":519,"Name":"Henrietta Watsica","BirthDate":"1998-03-06T07:14:23.327325-03:00","Source":1},{"Id":520,"Name":"Luther Gusikowski","BirthDate":"1975-08-27T23:19:42.8822101-03:00","Source":1},{"Id":521,"Name":"Ralph Christiansen","BirthDate":"1975-09-08T15:05:28.2501106-03:00","Source":1},{"Id":522,"Name":"Iris Jaskolski","BirthDate":"1967-01-06T06:07:40.2275197-02:00","Source":1},{"Id":523,"Name":"Hilda Howell","BirthDate":"1955-09-07T15:14:43.8306847-03:00","Source":1},{"Id":524,"Name":"Frances Beahan","BirthDate":"1998-08-29T08:18:24.8868908-03:00","Source":1},{"Id":525,"Name":"Clark Koch","BirthDate":"1971-09-24T10:20:18.9563661-03:00","Source":1},{"Id":526,"Name":"Christian McClure","BirthDate":"1981-12-01T18:04:46.0487472-02:00","Source":1},{"Id":527,"Name":"Roland Hessel","BirthDate":"2000-08-06T19:02:26.5002731-03:00","Source":1},{"Id":528,"Name":"Timmy Wolff","BirthDate":"2003-06-02T00:06:19.703003-03:00","Source":1},{"Id":529,"Name":"Kristina Hilpert","BirthDate":"1976-01-23T02:32:11.7691331-02:00","Source":1},{"Id":530,"Name":"Loretta Dooley","BirthDate":"1998-07-05T22:37:02.3325754-03:00","Source":1},{"Id":531,"Name":"Willie Gislason","BirthDate":"1994-01-14T16:26:56.741039-02:00","Source":1},{"Id":532,"Name":"Marshall Roob","BirthDate":"1955-05-30T07:50:35.2541453-03:00","Source":1},{"Id":533,"Name":"Frankie Kuphal","BirthDate":"1999-10-09T08:36:39.3745547-03:00","Source":1},{"Id":534,"Name":"Jake Hilpert","BirthDate":"1967-04-25T12:01:29.50252-03:00","Source":1},{"Id":535,"Name":"Shirley Rath","BirthDate":"1961-03-07T14:32:34.6369777-03:00","Source":1},{"Id":536,"Name":"Bruce Goldner","BirthDate":"1986-09-13T21:38:06.5142296-03:00","Source":1},{"Id":537,"Name":"Ruben Schmidt","BirthDate":"1964-02-22T23:53:28.2530651-03:00","Source":1},{"Id":538,"Name":"Dixie Denesik","BirthDate":"1987-04-19T04:36:21.2862691-03:00","Source":1},{"Id":539,"Name":"Colleen Kuphal","BirthDate":"1973-11-25T16:45:19.8457518-02:00","Source":1},{"Id":540,"Name":"Robert Ward","BirthDate":"1964-04-02T16:06:16.9519773-03:00","Source":1},{"Id":541,"Name":"Stuart Yost","BirthDate":"1990-06-19T03:07:53.1317708-03:00","Source":1},{"Id":542,"Name":"Justin Ullrich","BirthDate":"1957-11-16T12:31:35.8387097-02:00","Source":1},{"Id":543,"Name":"Neil Hickle","BirthDate":"1996-07-07T11:03:52.8908264-03:00","Source":1},{"Id":544,"Name":"Violet Kris","BirthDate":"1959-01-17T00:47:17.6777445-02:00","Source":1},{"Id":545,"Name":"Sue Weber","BirthDate":"1971-02-05T09:37:17.2517606-02:00","Source":1},{"Id":546,"Name":"Ramona Wolf","BirthDate":"1996-03-01T11:41:50.2688439-03:00","Source":1},{"Id":547,"Name":"Faith Mraz","BirthDate":"1999-10-27T10:48:05.5725811-03:00","Source":1},{"Id":548,"Name":"Tommie Kautzer","BirthDate":"1986-09-25T13:27:47.9686822-03:00","Source":1},{"Id":549,"Name":"Santos Conn","BirthDate":"1984-01-26T21:02:12.5222265-02:00","Source":1},{"Id":550,"Name":"Edmund Gaylord","BirthDate":"1971-08-24T15:23:43.6752759-03:00","Source":1},{"Id":551,"Name":"Naomi Connelly","BirthDate":"1998-05-27T12:39:05.1502387-03:00","Source":1},{"Id":552,"Name":"Bryan Rutherford","BirthDate":"1982-02-13T20:00:24.5668625-02:00","Source":1},{"Id":553,"Name":"Roman Schoen","BirthDate":"1973-02-21T10:05:29.1951853-03:00","Source":1},{"Id":554,"Name":"Lorraine Dach","BirthDate":"1989-04-07T10:47:10.7895689-03:00","Source":1},{"Id":555,"Name":"Kathy Bernhard","BirthDate":"1969-01-06T13:07:44.2808416-02:00","Source":1},{"Id":556,"Name":"Darla Lakin","BirthDate":"1982-02-16T21:47:31.0598808-03:00","Source":1},{"Id":557,"Name":"Billie Jerde","BirthDate":"1998-06-19T03:34:44.3123197-03:00","Source":1},{"Id":558,"Name":"Freddie Volkman","BirthDate":"1985-08-09T07:58:12.1376438-03:00","Source":1},{"Id":559,"Name":"Sam Durgan","BirthDate":"2004-02-12T16:43:44.4629555-02:00","Source":1},{"Id":560,"Name":"Kay Wilderman","BirthDate":"1996-11-21T09:37:38.2431334-02:00","Source":1},{"Id":561,"Name":"Alexis Pacocha","BirthDate":"1979-09-23T08:36:58.3468786-03:00","Source":1},{"Id":562,"Name":"Ginger Armstrong","BirthDate":"1982-05-07T09:52:49.7149986-03:00","Source":1},{"Id":563,"Name":"Henrietta DuBuque","BirthDate":"1977-08-25T08:16:35.1139358-03:00","Source":1},{"Id":564,"Name":"Stewart Dach","BirthDate":"1999-12-22T03:18:56.6837386-02:00","Source":1},{"Id":565,"Name":"Ramon Smitham","BirthDate":"2002-12-03T22:04:35.6822798-02:00","Source":1},{"Id":566,"Name":"Neal Bradtke","BirthDate":"1971-06-12T23:55:56.9520542-03:00","Source":1},{"Id":567,"Name":"Christopher Nikolaus","BirthDate":"1967-04-22T02:10:40.4274168-03:00","Source":1},{"Id":568,"Name":"Wade Ortiz","BirthDate":"1973-09-04T23:18:26.6672648-03:00","Source":1},{"Id":569,"Name":"Marcus Russel","BirthDate":"1961-11-29T19:36:37.3264955-02:00","Source":1},{"Id":570,"Name":"Irving Mann","BirthDate":"1991-08-31T02:07:12.5285575-03:00","Source":1},{"Id":571,"Name":"Kyle Marquardt","BirthDate":"2002-10-13T13:30:34.5984779-03:00","Source":1},{"Id":572,"Name":"Jose Bailey","BirthDate":"1967-01-27T20:17:52.1740425-02:00","Source":1},{"Id":573,"Name":"Bethany McCullough","BirthDate":"1960-04-20T18:32:39.1057935-03:00","Source":1},{"Id":574,"Name":"Wm Bahringer","BirthDate":"1969-07-03T03:56:17.7011656-03:00","Source":1},{"Id":575,"Name":"Lora Abshire","BirthDate":"1984-05-27T15:33:00.4014506-03:00","Source":1},{"Id":576,"Name":"Darin Weissnat","BirthDate":"1965-03-17T10:22:21.140724-03:00","Source":1},{"Id":577,"Name":"Mitchell Grant","BirthDate":"1997-02-17T03:38:59.9827441-03:00","Source":1},{"Id":578,"Name":"Gloria Abernathy","BirthDate":"1990-06-19T01:25:34.1531716-03:00","Source":1},{"Id":579,"Name":"Joanna Dooley","BirthDate":"1987-06-30T08:15:19.4369982-03:00","Source":1},{"Id":580,"Name":"Cory Powlowski","BirthDate":"1968-07-09T01:35:12.350837-03:00","Source":1},{"Id":581,"Name":"Darin Herzog","BirthDate":"1974-01-19T02:23:18.2127089-02:00","Source":1},{"Id":582,"Name":"Chester Beahan","BirthDate":"1968-12-15T11:16:31.4807384-02:00","Source":1},{"Id":583,"Name":"Gretchen Schuster","BirthDate":"1985-11-24T03:12:15.1522929-02:00","Source":1},{"Id":584,"Name":"Adam Huels","BirthDate":"1976-03-16T06:40:42.2165795-03:00","Source":1},{"Id":585,"Name":"Jennie Carroll","BirthDate":"1982-08-09T07:49:30.089778-03:00","Source":1},{"Id":586,"Name":"Jeffery Padberg","BirthDate":"1962-03-15T08:24:30.1641929-03:00","Source":1},{"Id":587,"Name":"Laurie Parker","BirthDate":"1959-12-25T12:55:04.4605847-02:00","Source":1},{"Id":588,"Name":"Lynda Schumm","BirthDate":"1967-09-21T06:51:14.7619848-03:00","Source":1},{"Id":589,"Name":"Marcia Mertz","BirthDate":"1991-03-06T02:20:57.8543249-03:00","Source":1},{"Id":590,"Name":"Melanie Kihn","BirthDate":"1979-04-11T08:56:17.803712-03:00","Source":1},{"Id":591,"Name":"Johnnie Bartoletti","BirthDate":"1984-02-19T19:02:39.7520291-03:00","Source":1},{"Id":592,"Name":"Hugo Cartwright","BirthDate":"1962-02-03T19:33:14.2739551-02:00","Source":1},{"Id":593,"Name":"Sammy Jones","BirthDate":"2000-06-26T23:09:58.9221237-03:00","Source":1},{"Id":594,"Name":"Bryant Koss","BirthDate":"1992-03-03T23:06:48.6587666-03:00","Source":1},{"Id":595,"Name":"Sarah Satterfield","BirthDate":"1977-04-06T00:56:52.0578846-03:00","Source":1},{"Id":596,"Name":"Courtney Kunde","BirthDate":"1976-11-03T11:28:11.393462-02:00","Source":1},{"Id":597,"Name":"Shane Hilpert","BirthDate":"1990-10-24T00:49:31.670694-03:00","Source":1},{"Id":598,"Name":"Danny Yost","BirthDate":"1958-07-07T09:19:44.8088791-03:00","Source":1},{"Id":599,"Name":"Theodore Macejkovic","BirthDate":"1992-12-10T04:00:01.7632057-02:00","Source":1},{"Id":600,"Name":"Bobbie Wiza","BirthDate":"1963-07-25T02:35:25.0217772-03:00","Source":1},{"Id":601,"Name":"Lela Barrows","BirthDate":"1968-09-22T00:53:59.2901985-03:00","Source":1},{"Id":602,"Name":"Edmund Windler","BirthDate":"2000-08-14T07:01:18.6339794-03:00","Source":1},{"Id":603,"Name":"Donna Volkman","BirthDate":"1957-06-11T21:20:41.3516383-03:00","Source":1},{"Id":604,"Name":"Boyd Monahan","BirthDate":"1973-07-14T07:04:44.9436021-03:00","Source":1},{"Id":605,"Name":"Stacey Ortiz","BirthDate":"1978-07-10T19:32:53.0478017-03:00","Source":1},{"Id":606,"Name":"Bonnie Fritsch","BirthDate":"1987-01-20T03:24:52.1765914-02:00","Source":1},{"Id":607,"Name":"Alfredo Becker","BirthDate":"1975-10-22T10:44:14.4180741-03:00","Source":1},{"Id":608,"Name":"Ramon Kovacek","BirthDate":"1999-04-01T20:16:20.6139965-03:00","Source":1},{"Id":609,"Name":"Vincent Wuckert","BirthDate":"1964-01-26T02:58:04.653853-02:00","Source":1},{"Id":610,"Name":"Robin Kuhic","BirthDate":"1988-05-17T06:53:01.0146974-03:00","Source":1},{"Id":611,"Name":"Lois Bauch","BirthDate":"1981-05-14T04:56:41.6045656-03:00","Source":1},{"Id":612,"Name":"Lindsay Cronin","BirthDate":"1981-09-15T02:01:13.3094116-03:00","Source":1},{"Id":613,"Name":"Keith Herman","BirthDate":"2002-11-16T22:37:05.0508955-02:00","Source":1},{"Id":614,"Name":"Micheal Bechtelar","BirthDate":"1984-10-10T19:15:00.7838337-03:00","Source":1},{"Id":615,"Name":"Tim Block","BirthDate":"1989-09-06T16:11:36.3996028-03:00","Source":1},{"Id":616,"Name":"Ralph Friesen","BirthDate":"1989-04-18T12:49:47.6201824-03:00","Source":1},{"Id":617,"Name":"Marc Conroy","BirthDate":"1972-05-15T22:32:01.2771252-03:00","Source":1},{"Id":618,"Name":"Adrian Hartmann","BirthDate":"1973-07-11T00:19:19.9162254-03:00","Source":1},{"Id":619,"Name":"Olive Marvin","BirthDate":"1969-07-07T16:36:11.9062148-03:00","Source":1},{"Id":620,"Name":"Chad Klocko","BirthDate":"2000-03-14T05:45:00.273871-03:00","Source":1},{"Id":621,"Name":"Sonya Hagenes","BirthDate":"1986-10-20T21:14:17.800069-03:00","Source":1},{"Id":622,"Name":"Fannie Pacocha","BirthDate":"1977-07-18T10:51:54.8412299-03:00","Source":1},{"Id":623,"Name":"Dexter Dare","BirthDate":"1992-07-07T19:06:12.5262073-03:00","Source":1},{"Id":624,"Name":"Derek Zulauf","BirthDate":"1982-12-04T06:23:26.4852672-02:00","Source":1},{"Id":625,"Name":"Richard Weimann","BirthDate":"1956-03-23T18:08:47.417795-03:00","Source":1},{"Id":626,"Name":"Franklin Huels","BirthDate":"1960-03-06T19:16:21.2747579-03:00","Source":1},{"Id":627,"Name":"Jane Dooley","BirthDate":"1958-09-18T02:06:34.8225663-03:00","Source":1},{"Id":628,"Name":"Phillip Armstrong","BirthDate":"1973-10-26T20:32:08.5968195-03:00","Source":1},{"Id":629,"Name":"Pablo Kerluke","BirthDate":"1992-06-26T03:52:35.9987205-03:00","Source":1},{"Id":630,"Name":"Monique Schaefer","BirthDate":"1986-09-04T13:49:55.0313051-03:00","Source":1},{"Id":631,"Name":"Sandy Hoeger","BirthDate":"1964-04-05T15:49:26.6001856-03:00","Source":1},{"Id":632,"Name":"Muriel Kautzer","BirthDate":"1987-09-29T00:37:53.0420613-03:00","Source":1},{"Id":633,"Name":"Heidi Weissnat","BirthDate":"1996-10-26T03:40:51.313625-03:00","Source":1},{"Id":634,"Name":"Lucia Skiles","BirthDate":"1975-09-24T22:41:18.1379565-03:00","Source":1},{"Id":635,"Name":"Tracy Senger","BirthDate":"1979-07-17T04:27:44.645044-03:00","Source":1},{"Id":636,"Name":"Verna Legros","BirthDate":"1994-03-27T15:27:45.9976918-03:00","Source":1},{"Id":637,"Name":"Nicole Bins","BirthDate":"2002-03-31T17:57:36.6094605-03:00","Source":1},{"Id":638,"Name":"Julius Moore","BirthDate":"1996-07-21T12:00:52.8239626-03:00","Source":1},{"Id":639,"Name":"Arturo Sanford","BirthDate":"1968-04-28T05:31:12.1381994-03:00","Source":1},{"Id":640,"Name":"Annette Kunze","BirthDate":"1998-11-28T11:36:05.8906202-02:00","Source":1},{"Id":641,"Name":"Beverly Kling","BirthDate":"1981-12-14T00:48:28.5991475-02:00","Source":1},{"Id":642,"Name":"Kristi Weber","BirthDate":"1999-06-30T12:03:33.6417323-03:00","Source":1},{"Id":643,"Name":"Elizabeth Cremin","BirthDate":"1959-11-13T22:06:10.5097375-02:00","Source":1},{"Id":644,"Name":"Betsy Goldner","BirthDate":"2003-05-26T19:33:02.7482371-03:00","Source":1},{"Id":645,"Name":"Lonnie O\u0027Kon","BirthDate":"2002-08-24T13:08:17.1887008-03:00","Source":1},{"Id":646,"Name":"Allison Sporer","BirthDate":"1999-11-16T19:05:25.6268558-02:00","Source":1},{"Id":647,"Name":"Beth McDermott","BirthDate":"1986-07-04T22:13:25.696474-03:00","Source":1},{"Id":648,"Name":"Woodrow Walker","BirthDate":"1974-09-11T18:25:26.6569082-03:00","Source":1},{"Id":649,"Name":"Roxanne Johnston","BirthDate":"1993-09-16T04:51:46.1555455-03:00","Source":1},{"Id":650,"Name":"Billie Schamberger","BirthDate":"1983-05-12T21:26:38.0042505-03:00","Source":1},{"Id":651,"Name":"Noel Funk","BirthDate":"1965-10-28T12:01:12.4700615-03:00","Source":1},{"Id":652,"Name":"Sabrina Jenkins","BirthDate":"1977-08-23T12:01:27.7457392-03:00","Source":1},{"Id":653,"Name":"Guy Renner","BirthDate":"1974-12-14T10:15:24.1028725-02:00","Source":1},{"Id":654,"Name":"Paula Moen","BirthDate":"2004-08-07T05:34:52.4768015-03:00","Source":1},{"Id":655,"Name":"Susan Upton","BirthDate":"1957-01-16T17:23:10.1665121-02:00","Source":1},{"Id":656,"Name":"Donald Cassin","BirthDate":"2002-05-02T21:16:18.5079185-03:00","Source":1},{"Id":657,"Name":"Cindy Braun","BirthDate":"1966-10-02T06:11:53.117262-03:00","Source":1},{"Id":658,"Name":"Jasmine Schroeder","BirthDate":"1980-01-17T14:03:55.2806378-02:00","Source":1},{"Id":659,"Name":"Georgia Howe","BirthDate":"1985-12-15T15:54:58.590768-02:00","Source":1},{"Id":660,"Name":"Rufus Von","BirthDate":"1969-04-21T18:08:06.374844-03:00","Source":1},{"Id":661,"Name":"Patricia Metz","BirthDate":"1993-11-03T23:52:04.5133087-02:00","Source":1},{"Id":662,"Name":"Eddie Stoltenberg","BirthDate":"1984-11-06T02:23:31.7646606-02:00","Source":1},{"Id":663,"Name":"Christopher Price","BirthDate":"1998-09-10T13:25:39.437776-03:00","Source":1},{"Id":664,"Name":"Tracey Konopelski","BirthDate":"2000-08-28T10:19:08.9255696-03:00","Source":1},{"Id":665,"Name":"Tanya Huel","BirthDate":"1975-04-10T13:43:05.5939941-03:00","Source":1},{"Id":666,"Name":"Sonya Waters","BirthDate":"1995-09-25T16:03:45.896095-03:00","Source":1},{"Id":667,"Name":"Irvin Kertzmann","BirthDate":"1990-03-31T14:41:45.4380496-03:00","Source":1},{"Id":668,"Name":"Betsy Mueller","BirthDate":"2002-02-14T19:48:27.9241989-03:00","Source":1},{"Id":669,"Name":"Oscar Heathcote","BirthDate":"1987-02-07T06:55:57.1966025-02:00","Source":1},{"Id":670,"Name":"Victor Zulauf","BirthDate":"1979-08-06T09:04:12.854647-03:00","Source":1},{"Id":671,"Name":"David Lemke","BirthDate":"1982-12-20T00:04:41.5847876-02:00","Source":1},{"Id":672,"Name":"Johnnie Kassulke","BirthDate":"1997-11-05T14:18:02.2182382-02:00","Source":1},{"Id":673,"Name":"Bill Hegmann","BirthDate":"1993-06-23T09:18:58.4395869-03:00","Source":1},{"Id":674,"Name":"Derrick O\u0027Connell","BirthDate":"2000-04-23T22:24:03.9084652-03:00","Source":1},{"Id":675,"Name":"Stephanie Wintheiser","BirthDate":"1970-01-17T02:32:09.0162162-02:00","Source":1},{"Id":676,"Name":"Dawn Kerluke","BirthDate":"1956-09-28T03:14:11.3206497-03:00","Source":1},{"Id":677,"Name":"Juan Terry","BirthDate":"2003-09-07T15:42:23.5186295-03:00","Source":1},{"Id":678,"Name":"Beth Kerluke","BirthDate":"1963-11-24T17:08:25.0070137-02:00","Source":1},{"Id":679,"Name":"Floyd Jones","BirthDate":"1994-10-02T02:33:03.0644847-03:00","Source":1},{"Id":680,"Name":"Rafael Stamm","BirthDate":"1996-05-21T17:09:45.8869283-03:00","Source":1},{"Id":681,"Name":"Christy Jacobi","BirthDate":"1998-03-26T01:36:12.6221668-03:00","Source":1},{"Id":682,"Name":"Bert McCullough","BirthDate":"2003-08-30T06:00:29.3619969-03:00","Source":1},{"Id":683,"Name":"Jared Nicolas","BirthDate":"1968-06-16T12:20:23.6504225-03:00","Source":1},{"Id":684,"Name":"Owen Flatley","BirthDate":"1969-12-05T12:31:33.4467633-02:00","Source":1},{"Id":685,"Name":"Claude Yost","BirthDate":"1975-03-08T01:27:28.4780569-03:00","Source":1},{"Id":686,"Name":"Geoffrey Herzog","BirthDate":"1967-08-14T01:59:42.4317923-03:00","Source":1},{"Id":687,"Name":"Alfred Mayer","BirthDate":"1957-11-28T18:25:50.4963373-02:00","Source":1},{"Id":688,"Name":"Fannie Mueller","BirthDate":"1978-07-17T14:07:03.6965069-03:00","Source":1},{"Id":689,"Name":"Casey Murphy","BirthDate":"1974-02-15T14:15:15.8040131-03:00","Source":1},{"Id":690,"Name":"John Rutherford","BirthDate":"1989-12-03T08:00:03.1059194-02:00","Source":1},{"Id":691,"Name":"Connie Nader","BirthDate":"1966-08-21T15:19:14.1542654-03:00","Source":1},{"Id":692,"Name":"Krista Hayes","BirthDate":"1994-02-02T16:40:35.7555804-02:00","Source":1},{"Id":693,"Name":"Trevor Gislason","BirthDate":"2001-02-02T04:07:08.1729681-02:00","Source":1},{"Id":694,"Name":"Lester Ledner","BirthDate":"1986-06-06T10:14:48.9531654-03:00","Source":1},{"Id":695,"Name":"Ruben Shanahan","BirthDate":"1957-04-27T02:51:11.1697544-03:00","Source":1},{"Id":696,"Name":"Abel Rutherford","BirthDate":"1990-03-13T15:40:53.6518523-03:00","Source":1},{"Id":697,"Name":"Casey Price","BirthDate":"1961-10-15T21:01:14.6893975-03:00","Source":1},{"Id":698,"Name":"Melody Kessler","BirthDate":"2002-11-05T18:48:50.5996524-02:00","Source":1},{"Id":699,"Name":"Anna Goodwin","BirthDate":"1982-08-09T01:51:03.2333896-03:00","Source":1},{"Id":700,"Name":"Arthur Bashirian","BirthDate":"1990-01-31T16:19:11.5703801-02:00","Source":1},{"Id":701,"Name":"Lewis Monahan","BirthDate":"1969-02-22T10:59:27.1360444-03:00","Source":1},{"Id":702,"Name":"Alice O\u0027Connell","BirthDate":"1960-10-21T01:09:45.3896409-03:00","Source":1},{"Id":703,"Name":"Kristi Wehner","BirthDate":"1976-09-21T22:57:18.4785928-03:00","Source":1},{"Id":704,"Name":"Nicolas Greenholt","BirthDate":"1967-03-27T21:37:42.2512986-03:00","Source":1},{"Id":705,"Name":"Ida Harber","BirthDate":"2005-03-15T12:05:33.6037087-03:00","Source":1},{"Id":706,"Name":"Ernest Cormier","BirthDate":"2000-03-20T00:05:14.4869343-03:00","Source":1},{"Id":707,"Name":"Kayla Conroy","BirthDate":"1997-03-12T12:40:12.2949265-03:00","Source":1},{"Id":708,"Name":"Lyle West","BirthDate":"1958-03-09T23:07:18.0903047-03:00","Source":1},{"Id":709,"Name":"Rickey Koelpin","BirthDate":"1984-03-11T10:23:08.2985861-03:00","Source":1},{"Id":710,"Name":"Vera Dibbert","BirthDate":"1987-08-27T15:40:23.1845107-03:00","Source":1},{"Id":711,"Name":"Cora Fay","BirthDate":"1964-06-19T14:47:36.1319495-03:00","Source":1},{"Id":712,"Name":"Julie Yundt","BirthDate":"1979-08-25T13:54:04.9352332-03:00","Source":1},{"Id":713,"Name":"Jon Runolfsdottir","BirthDate":"2004-06-09T22:57:41.3023202-03:00","Source":1},{"Id":714,"Name":"Sean Balistreri","BirthDate":"1967-11-27T00:03:16.5740431-02:00","Source":1},{"Id":715,"Name":"Patti Graham","BirthDate":"1994-09-09T21:51:36.4380526-03:00","Source":1},{"Id":716,"Name":"Norman Powlowski","BirthDate":"1963-09-18T18:18:50.4731529-03:00","Source":1},{"Id":717,"Name":"April Goldner","BirthDate":"1973-10-08T19:23:29.7741494-03:00","Source":1},{"Id":718,"Name":"Mike MacGyver","BirthDate":"2005-01-30T04:52:48.1585025-02:00","Source":1},{"Id":719,"Name":"Ruben Glover","BirthDate":"1957-11-27T01:37:32.2706339-02:00","Source":1},{"Id":720,"Name":"Kyle Lubowitz","BirthDate":"2000-05-07T22:08:17.9941391-03:00","Source":1},{"Id":721,"Name":"Jan Conroy","BirthDate":"1962-01-21T07:38:01.62949-02:00","Source":1},{"Id":722,"Name":"Kyle Bins","BirthDate":"1982-10-04T03:31:26.1495882-03:00","Source":1},{"Id":723,"Name":"Emma Klein","BirthDate":"1984-03-11T01:57:50.3973782-03:00","Source":1},{"Id":724,"Name":"Rebecca Rowe","BirthDate":"1979-11-15T09:58:46.4722707-02:00","Source":1},{"Id":725,"Name":"Guy Auer","BirthDate":"1966-07-17T10:49:39.2105743-03:00","Source":1},{"Id":726,"Name":"Michelle Huel","BirthDate":"1980-09-21T07:39:51.1594403-03:00","Source":1},{"Id":727,"Name":"David Schimmel","BirthDate":"1982-08-13T01:39:05.1115043-03:00","Source":1},{"Id":728,"Name":"Victoria Bartoletti","BirthDate":"1998-06-21T03:09:23.4748021-03:00","Source":1},{"Id":729,"Name":"Lee Hermiston","BirthDate":"1963-08-22T12:38:21.9104203-03:00","Source":1},{"Id":730,"Name":"Amber Oberbrunner","BirthDate":"1982-02-08T02:03:49.1825369-02:00","Source":1},{"Id":731,"Name":"Josh Hills","BirthDate":"1976-09-26T15:18:44.6319859-03:00","Source":1},{"Id":732,"Name":"Jeremiah Schmidt","BirthDate":"1970-07-08T10:19:57.2629691-03:00","Source":1},{"Id":733,"Name":"Marie Harvey","BirthDate":"1960-12-10T22:01:00.640605-02:00","Source":1},{"Id":734,"Name":"Dora Rohan","BirthDate":"2003-03-27T07:47:37.742881-03:00","Source":1},{"Id":735,"Name":"Jerry Harris","BirthDate":"1988-12-04T23:14:25.1008409-02:00","Source":1},{"Id":736,"Name":"Stella Denesik","BirthDate":"1986-06-21T13:48:33.2346583-03:00","Source":1},{"Id":737,"Name":"Wayne Gaylord","BirthDate":"1970-10-10T07:58:35.4840218-03:00","Source":1},{"Id":738,"Name":"Wesley O\u0027Kon","BirthDate":"1997-11-15T03:32:42.3092692-02:00","Source":1},{"Id":739,"Name":"Tyler Lehner","BirthDate":"1986-03-18T08:18:57.9569616-03:00","Source":1},{"Id":740,"Name":"Enrique Haley","BirthDate":"1990-07-01T22:38:33.0287902-03:00","Source":1},{"Id":741,"Name":"Tommie Moore","BirthDate":"1973-07-12T04:51:36.6589455-03:00","Source":1},{"Id":742,"Name":"Cesar Kunde","BirthDate":"1995-12-30T16:58:32.6214483-02:00","Source":1},{"Id":743,"Name":"Alejandro Bayer","BirthDate":"2001-12-23T00:05:28.1999027-02:00","Source":1},{"Id":744,"Name":"Earnest Hudson","BirthDate":"1996-12-25T09:13:36.7998607-02:00","Source":1},{"Id":745,"Name":"Edwin Schuster","BirthDate":"1988-04-26T01:58:59.4029299-03:00","Source":1},{"Id":746,"Name":"Eileen Effertz","BirthDate":"1969-11-23T05:30:08.7356594-02:00","Source":1},{"Id":747,"Name":"Calvin Klein","BirthDate":"1996-03-24T13:12:48.3230645-03:00","Source":1},{"Id":748,"Name":"Irma Spencer","BirthDate":"1998-12-04T01:42:50.1982356-02:00","Source":1},{"Id":749,"Name":"Curtis Larkin","BirthDate":"2001-09-13T16:28:12.6766716-03:00","Source":1},{"Id":750,"Name":"Homer Rutherford","BirthDate":"1973-07-26T12:44:56.7045376-03:00","Source":1},{"Id":751,"Name":"Nelson Aufderhar","BirthDate":"1983-08-23T20:27:33.1022436-03:00","Source":1},{"Id":752,"Name":"Cary Considine","BirthDate":"1966-06-11T23:25:28.3419543-03:00","Source":1},{"Id":753,"Name":"Vicki Schmitt","BirthDate":"2004-08-22T06:59:34.7673179-03:00","Source":1},{"Id":754,"Name":"Tracy Breitenberg","BirthDate":"2000-05-02T06:22:52.5114872-03:00","Source":1},{"Id":755,"Name":"Samuel Johns","BirthDate":"1987-01-25T17:39:53.9210018-02:00","Source":1},{"Id":756,"Name":"Sandra Mueller","BirthDate":"1960-02-07T21:17:54.5526964-02:00","Source":1},{"Id":757,"Name":"Megan Friesen","BirthDate":"2003-12-18T17:14:45.163889-02:00","Source":1},{"Id":758,"Name":"Marco Johnston","BirthDate":"1969-07-04T02:41:50.1423901-03:00","Source":1},{"Id":759,"Name":"Herbert Roob","BirthDate":"1959-04-30T00:17:23.7700427-03:00","Source":1},{"Id":760,"Name":"Woodrow Waelchi","BirthDate":"1957-09-30T20:46:40.4539363-03:00","Source":1},{"Id":761,"Name":"Lydia Jenkins","BirthDate":"1979-01-27T07:00:57.6384497-02:00","Source":1},{"Id":762,"Name":"Maureen Bins","BirthDate":"1958-11-24T09:34:19.280625-02:00","Source":1},{"Id":763,"Name":"Ruby DuBuque","BirthDate":"1960-06-07T22:21:37.8654975-03:00","Source":1},{"Id":764,"Name":"Christine Fadel","BirthDate":"1982-04-22T14:49:58.3929891-03:00","Source":1},{"Id":765,"Name":"Noah Emard","BirthDate":"1989-07-14T08:52:39.0326054-03:00","Source":1},{"Id":766,"Name":"Marshall Hagenes","BirthDate":"1969-04-05T17:11:37.2022342-03:00","Source":1},{"Id":767,"Name":"Daryl Will","BirthDate":"1970-10-20T08:51:52.0519122-03:00","Source":1},{"Id":768,"Name":"Jose Medhurst","BirthDate":"1976-08-21T03:46:55.7650714-03:00","Source":1},{"Id":769,"Name":"Tammy Rempel","BirthDate":"1971-06-30T19:59:53.8281081-03:00","Source":1},{"Id":770,"Name":"Shelley Simonis","BirthDate":"1993-03-27T22:16:19.7221532-03:00","Source":1},{"Id":771,"Name":"Delia Gerlach","BirthDate":"1967-11-11T10:44:56.5994448-02:00","Source":1},{"Id":772,"Name":"Meredith Hartmann","BirthDate":"1976-07-18T23:12:28.9029841-03:00","Source":1},{"Id":773,"Name":"Todd West","BirthDate":"1991-08-25T13:26:59.1632151-03:00","Source":1},{"Id":774,"Name":"Abraham VonRueden","BirthDate":"2000-07-20T01:59:16.6594239-03:00","Source":1},{"Id":775,"Name":"Kirk Christiansen","BirthDate":"1960-04-06T12:30:16.1276016-03:00","Source":1},{"Id":776,"Name":"Deanna Balistreri","BirthDate":"1975-07-23T07:16:40.8779555-03:00","Source":1},{"Id":777,"Name":"Levi Price","BirthDate":"1976-05-25T05:12:36.0311405-03:00","Source":1},{"Id":778,"Name":"Ann Medhurst","BirthDate":"1987-08-27T09:46:36.7965076-03:00","Source":1},{"Id":779,"Name":"Michael Greenholt","BirthDate":"1972-09-11T06:43:22.0659563-03:00","Source":1},{"Id":780,"Name":"Jack Tremblay","BirthDate":"1988-04-02T21:14:50.9638309-03:00","Source":1},{"Id":781,"Name":"Alice Beier","BirthDate":"1968-04-11T21:01:49.4158503-03:00","Source":1},{"Id":782,"Name":"Heather Kunze","BirthDate":"1966-05-31T06:06:50.0400881-03:00","Source":1},{"Id":783,"Name":"Brandon Hills","BirthDate":"1957-03-06T20:36:03.7413789-03:00","Source":1},{"Id":784,"Name":"Jaime Brown","BirthDate":"1960-09-29T03:57:50.9493402-03:00","Source":1},{"Id":785,"Name":"Kelley Reynolds","BirthDate":"1981-02-17T12:33:03.6649756-03:00","Source":1},{"Id":786,"Name":"Faith Toy","BirthDate":"1984-07-09T13:07:55.4071336-03:00","Source":1},{"Id":787,"Name":"Doris Satterfield","BirthDate":"1959-12-28T00:14:28.3603177-02:00","Source":1},{"Id":788,"Name":"Silvia Greenholt","BirthDate":"1979-09-28T21:42:52.1284913-03:00","Source":1},{"Id":789,"Name":"Vicki Larson","BirthDate":"1972-07-30T04:51:07.9891752-03:00","Source":1},{"Id":790,"Name":"April Cremin","BirthDate":"1981-09-29T17:36:40.8515994-03:00","Source":1},{"Id":791,"Name":"Travis Morar","BirthDate":"1965-12-05T10:53:42.3453992-02:00","Source":1},{"Id":792,"Name":"Isaac Beatty","BirthDate":"1957-10-19T17:57:05.2912762-03:00","Source":1},{"Id":793,"Name":"Shirley Marvin","BirthDate":"1955-06-01T23:56:59.4868696-03:00","Source":1},{"Id":794,"Name":"Sadie Huels","BirthDate":"2005-02-06T05:38:43.8103223-02:00","Source":1},{"Id":795,"Name":"Rhonda Abbott","BirthDate":"1963-11-02T18:33:08.0457797-03:00","Source":1},{"Id":796,"Name":"Johnnie Keebler","BirthDate":"1964-03-21T06:39:57.5503992-03:00","Source":1},{"Id":797,"Name":"Heidi Wiza","BirthDate":"1971-10-15T11:47:54.0720398-03:00","Source":1},{"Id":798,"Name":"Roberto Ward","BirthDate":"1981-12-17T07:06:21.227128-02:00","Source":1},{"Id":799,"Name":"Angie Kirlin","BirthDate":"1997-01-08T05:33:27.5844688-02:00","Source":1},{"Id":800,"Name":"Hazel Mosciski","BirthDate":"1959-04-23T10:34:32.2312843-03:00","Source":1},{"Id":801,"Name":"Eileen Kessler","BirthDate":"1956-10-09T01:46:11.8557852-03:00","Source":1},{"Id":802,"Name":"Maggie Gulgowski","BirthDate":"1983-10-13T20:05:30.7433019-03:00","Source":1},{"Id":803,"Name":"Isaac Yost","BirthDate":"1991-04-05T05:18:13.0527432-03:00","Source":1},{"Id":804,"Name":"Andre Hackett","BirthDate":"1969-03-24T10:06:13.530183-03:00","Source":1},{"Id":805,"Name":"Veronica Lang","BirthDate":"1998-04-15T08:10:45.2617284-03:00","Source":1},{"Id":806,"Name":"Anthony Hettinger","BirthDate":"1981-10-21T20:48:16.2760919-03:00","Source":1},{"Id":807,"Name":"Olga Cassin","BirthDate":"1992-02-04T02:06:28.9238296-02:00","Source":1},{"Id":808,"Name":"Eric Gerhold","BirthDate":"1997-12-09T03:28:05.1363764-02:00","Source":1},{"Id":809,"Name":"Shaun Murazik","BirthDate":"1991-07-02T02:00:18.2770372-03:00","Source":1},{"Id":810,"Name":"Anne Rutherford","BirthDate":"1998-05-20T03:39:38.0248399-03:00","Source":1},{"Id":811,"Name":"Eduardo Wolf","BirthDate":"1964-05-27T02:00:50.5751051-03:00","Source":1},{"Id":812,"Name":"Doris Gerlach","BirthDate":"1975-12-01T22:24:44.7089146-02:00","Source":1},{"Id":813,"Name":"Hubert Hahn","BirthDate":"1978-03-30T09:31:12.0655824-03:00","Source":1},{"Id":814,"Name":"Douglas Watsica","BirthDate":"1973-09-08T21:04:54.9028702-03:00","Source":1},{"Id":815,"Name":"Claude Hintz","BirthDate":"2002-10-01T12:44:01.2859578-03:00","Source":1},{"Id":816,"Name":"Beverly Dicki","BirthDate":"2001-04-11T15:40:24.8612425-03:00","Source":1},{"Id":817,"Name":"Mary Larkin","BirthDate":"1971-05-22T19:19:32.1428562-03:00","Source":1},{"Id":818,"Name":"Bennie Turner","BirthDate":"1982-06-14T19:42:22.7339419-03:00","Source":1},{"Id":819,"Name":"Dave Jacobi","BirthDate":"1969-01-27T09:58:29.9058063-02:00","Source":1},{"Id":820,"Name":"Lora Heidenreich","BirthDate":"1959-06-17T13:37:32.9157582-03:00","Source":1},{"Id":821,"Name":"Tricia Heaney","BirthDate":"1976-08-20T07:41:45.5480949-03:00","Source":1},{"Id":822,"Name":"Patricia Schinner","BirthDate":"1975-08-16T01:26:33.3256116-03:00","Source":1},{"Id":823,"Name":"Peter Ondricka","BirthDate":"1976-05-23T14:49:51.6916017-03:00","Source":1},{"Id":824,"Name":"Russell Tromp","BirthDate":"1983-01-30T06:28:52.749447-02:00","Source":1},{"Id":825,"Name":"Christian Kuvalis","BirthDate":"1963-02-05T17:58:48.8387392-02:00","Source":1},{"Id":826,"Name":"Glenda Schmitt","BirthDate":"1973-10-23T01:09:23.6195687-03:00","Source":1},{"Id":827,"Name":"Edgar Paucek","BirthDate":"1967-10-16T04:07:54.449577-03:00","Source":1},{"Id":828,"Name":"Karl Erdman","BirthDate":"1962-09-01T22:20:25.1773792-03:00","Source":1},{"Id":829,"Name":"Robyn Hauck","BirthDate":"2005-05-16T08:08:36.577141-03:00","Source":1},{"Id":830,"Name":"Joanne Bruen","BirthDate":"1971-09-04T09:30:10.6512349-03:00","Source":1},{"Id":831,"Name":"Bennie Medhurst","BirthDate":"1996-01-02T04:11:10.8395485-02:00","Source":1},{"Id":832,"Name":"Natalie Parker","BirthDate":"1999-04-30T09:02:06.6334952-03:00","Source":1},{"Id":833,"Name":"Hubert Watsica","BirthDate":"1976-10-09T08:15:50.0248627-03:00","Source":1},{"Id":834,"Name":"Carol Conroy","BirthDate":"1981-01-09T10:05:58.7692448-02:00","Source":1},{"Id":835,"Name":"Madeline Corwin","BirthDate":"1969-03-16T21:23:32.0992713-03:00","Source":1},{"Id":836,"Name":"Pauline Satterfield","BirthDate":"2003-02-21T16:24:57.5750171-03:00","Source":1},{"Id":837,"Name":"Krista Pacocha","BirthDate":"1961-09-14T02:14:52.828022-03:00","Source":1},{"Id":838,"Name":"Tammy Emmerich","BirthDate":"1975-04-14T10:30:39.6015728-03:00","Source":1},{"Id":839,"Name":"Marc Carter","BirthDate":"1980-01-01T14:21:53.9568375-02:00","Source":1},{"Id":840,"Name":"Andres Barton","BirthDate":"1970-05-15T17:59:06.7246208-03:00","Source":1},{"Id":841,"Name":"Shaun Tremblay","BirthDate":"1972-12-29T11:10:47.7675099-02:00","Source":1},{"Id":842,"Name":"Matt Beier","BirthDate":"1990-01-06T06:45:26.5799765-02:00","Source":1},{"Id":843,"Name":"Opal Dooley","BirthDate":"1986-10-11T07:56:18.6641449-03:00","Source":1},{"Id":844,"Name":"Katrina Heller","BirthDate":"1997-08-02T21:43:23.642011-03:00","Source":1},{"Id":845,"Name":"Herman Hettinger","BirthDate":"1965-05-14T22:42:04.2872056-03:00","Source":1},{"Id":846,"Name":"Maurice Bednar","BirthDate":"1979-06-13T06:19:26.4420455-03:00","Source":1},{"Id":847,"Name":"Roberto Ziemann","BirthDate":"1975-03-08T03:54:41.8938702-03:00","Source":1},{"Id":848,"Name":"Garry Altenwerth","BirthDate":"1997-11-27T17:09:32.8994274-02:00","Source":1},{"Id":849,"Name":"Nadine Walker","BirthDate":"1974-10-09T10:28:01.1032818-03:00","Source":1},{"Id":850,"Name":"Rosie Dibbert","BirthDate":"1983-08-02T08:07:50.0325955-03:00","Source":1},{"Id":851,"Name":"Eduardo Mraz","BirthDate":"1976-05-12T08:10:50.8674721-03:00","Source":1},{"Id":852,"Name":"Kelley Dibbert","BirthDate":"1979-05-13T22:06:01.5674185-03:00","Source":1},{"Id":853,"Name":"Viola Cartwright","BirthDate":"1983-09-03T01:24:05.8668184-03:00","Source":1},{"Id":854,"Name":"Frankie Kreiger","BirthDate":"2002-01-16T02:29:58.9119881-02:00","Source":1},{"Id":855,"Name":"Jamie Runolfsson","BirthDate":"1988-08-16T16:13:25.091477-03:00","Source":1},{"Id":856,"Name":"Megan Towne","BirthDate":"1992-06-02T02:46:44.590178-03:00","Source":1},{"Id":857,"Name":"Melba Durgan","BirthDate":"1976-12-11T15:12:25.7837538-02:00","Source":1},{"Id":858,"Name":"Geneva Donnelly","BirthDate":"1959-01-31T02:24:08.7464121-02:00","Source":1},{"Id":859,"Name":"Esther Lemke","BirthDate":"1978-01-22T00:19:16.3587459-02:00","Source":1},{"Id":860,"Name":"Adrienne Mills","BirthDate":"1999-12-12T17:14:20.0012124-02:00","Source":1},{"Id":861,"Name":"Vickie Becker","BirthDate":"1993-08-17T03:31:20.3402923-03:00","Source":1},{"Id":862,"Name":"Nathaniel Armstrong","BirthDate":"1984-11-16T19:38:16.1073418-02:00","Source":1},{"Id":863,"Name":"Johnathan Marks","BirthDate":"1988-05-04T10:05:02.0849207-03:00","Source":1},{"Id":864,"Name":"Taylor Schmeler","BirthDate":"1973-03-31T02:01:02.1485508-03:00","Source":1},{"Id":865,"Name":"Curtis Tremblay","BirthDate":"1990-03-08T04:05:09.5050881-03:00","Source":1},{"Id":866,"Name":"Elias Wunsch","BirthDate":"1999-11-10T16:05:34.0612758-02:00","Source":1},{"Id":867,"Name":"Jenna Gutkowski","BirthDate":"1957-11-08T09:00:09.5663893-02:00","Source":1},{"Id":868,"Name":"Lucille Senger","BirthDate":"1982-10-07T15:05:05.0923235-03:00","Source":1},{"Id":869,"Name":"Jeannie Wiegand","BirthDate":"1986-12-07T08:24:34.3550786-02:00","Source":1},{"Id":870,"Name":"Carmen Zboncak","BirthDate":"1959-11-24T21:42:57.096253-02:00","Source":1},{"Id":871,"Name":"Miranda Sipes","BirthDate":"1984-04-06T01:48:21.8335822-03:00","Source":1},{"Id":872,"Name":"Laurence Bashirian","BirthDate":"1986-05-31T15:21:20.0520353-03:00","Source":1},{"Id":873,"Name":"Francis Macejkovic","BirthDate":"1996-03-25T22:03:45.6345175-03:00","Source":1},{"Id":874,"Name":"Natalie Batz","BirthDate":"1978-02-26T00:07:09.0537726-03:00","Source":1},{"Id":875,"Name":"Ira Blick","BirthDate":"2003-03-27T03:19:04.3957935-03:00","Source":1},{"Id":876,"Name":"Joanne Spinka","BirthDate":"1999-03-12T19:06:51.1032812-03:00","Source":1},{"Id":877,"Name":"Micheal Conroy","BirthDate":"1963-07-01T01:39:51.8061353-03:00","Source":1},{"Id":878,"Name":"Tomas Orn","BirthDate":"1993-09-28T17:48:30.5019526-03:00","Source":1},{"Id":879,"Name":"Cynthia Muller","BirthDate":"1979-09-11T03:26:31.1660418-03:00","Source":1},{"Id":880,"Name":"Casey Conn","BirthDate":"1979-10-11T15:34:48.2486445-03:00","Source":1},{"Id":881,"Name":"Jana Willms","BirthDate":"1998-09-19T21:44:40.5854713-03:00","Source":1},{"Id":882,"Name":"Jerald Kautzer","BirthDate":"1971-04-24T14:09:06.8698542-03:00","Source":1},{"Id":883,"Name":"Frank Schiller","BirthDate":"1968-08-06T02:45:26.1199707-03:00","Source":1},{"Id":884,"Name":"Lucille Mraz","BirthDate":"1976-10-06T09:28:03.273565-03:00","Source":1},{"Id":885,"Name":"Wayne Lowe","BirthDate":"1972-04-21T15:56:52.4967213-03:00","Source":1},{"Id":886,"Name":"Cody Sawayn","BirthDate":"1961-02-23T15:28:36.859235-03:00","Source":1},{"Id":887,"Name":"Joan Bode","BirthDate":"1968-04-22T01:26:46.1559181-03:00","Source":1},{"Id":888,"Name":"Kara Bednar","BirthDate":"1985-05-01T14:49:03.9969277-03:00","Source":1},{"Id":889,"Name":"Shannon Ritchie","BirthDate":"1985-09-04T04:48:47.7771548-03:00","Source":1},{"Id":890,"Name":"Mattie Hudson","BirthDate":"1973-06-29T13:29:14.5967826-03:00","Source":1},{"Id":891,"Name":"Rebecca Hettinger","BirthDate":"1985-04-20T12:48:55.6914635-03:00","Source":1},{"Id":892,"Name":"Willis Keeling","BirthDate":"1972-09-30T22:44:08.9071143-03:00","Source":1},{"Id":893,"Name":"Alexandra Collier","BirthDate":"1960-01-13T02:38:54.8347394-02:00","Source":1},{"Id":894,"Name":"Joanna Lockman","BirthDate":"1993-09-02T07:27:42.9936272-03:00","Source":1},{"Id":895,"Name":"Herbert Kerluke","BirthDate":"1995-09-13T06:03:48.5434081-03:00","Source":1},{"Id":896,"Name":"Derek Cronin","BirthDate":"1992-08-12T15:44:30.2769047-03:00","Source":1},{"Id":897,"Name":"Albert Bailey","BirthDate":"1969-11-01T00:44:43.4404339-03:00","Source":1},{"Id":898,"Name":"Everett Schamberger","BirthDate":"1959-08-23T18:40:03.4493088-03:00","Source":1},{"Id":899,"Name":"Pablo Ryan","BirthDate":"1981-12-02T02:56:57.7351319-02:00","Source":1},{"Id":900,"Name":"Christian Altenwerth","BirthDate":"1998-02-24T09:39:29.6471948-03:00","Source":1},{"Id":901,"Name":"Julie Farrell","BirthDate":"1965-08-15T07:19:03.9276682-03:00","Source":1},{"Id":902,"Name":"Kim Simonis","BirthDate":"1981-06-12T14:51:00.8631854-03:00","Source":1},{"Id":903,"Name":"Bradford Kirlin","BirthDate":"1998-03-14T12:58:05.9282547-03:00","Source":1},{"Id":904,"Name":"Emmett Zemlak","BirthDate":"1972-04-03T15:46:02.9032995-03:00","Source":1},{"Id":905,"Name":"Archie Boehm","BirthDate":"1971-10-19T10:36:28.6482449-03:00","Source":1},{"Id":906,"Name":"Marcella Bogan","BirthDate":"1980-09-29T10:22:18.4916083-03:00","Source":1},{"Id":907,"Name":"Willard Greenholt","BirthDate":"1967-05-31T16:43:47.3368274-03:00","Source":1},{"Id":908,"Name":"Eula Zieme","BirthDate":"1981-11-28T23:31:00.1702924-02:00","Source":1},{"Id":909,"Name":"Kara Jerde","BirthDate":"1967-05-10T01:31:44.5217893-03:00","Source":1},{"Id":910,"Name":"Verna Hettinger","BirthDate":"1968-06-20T11:54:17.5078457-03:00","Source":1},{"Id":911,"Name":"Toby Mitchell","BirthDate":"1977-04-20T08:13:30.7337786-03:00","Source":1},{"Id":912,"Name":"Elsie Farrell","BirthDate":"1955-06-08T08:10:04.3281936-03:00","Source":1},{"Id":913,"Name":"Desiree Russel","BirthDate":"1961-03-20T22:46:38.3832047-03:00","Source":1},{"Id":914,"Name":"Priscilla Pollich","BirthDate":"1980-07-21T10:54:19.5033299-03:00","Source":1},{"Id":915,"Name":"Juana MacGyver","BirthDate":"1976-05-01T21:40:33.2405483-03:00","Source":1},{"Id":916,"Name":"Mario Mante","BirthDate":"1983-12-08T20:49:54.3301721-02:00","Source":1},{"Id":917,"Name":"Rufus Hoppe","BirthDate":"1989-02-25T09:30:42.3888838-03:00","Source":1},{"Id":918,"Name":"Mattie Schaden","BirthDate":"1975-08-28T16:37:03.5089145-03:00","Source":1},{"Id":919,"Name":"Brent Ruecker","BirthDate":"1967-09-19T22:47:18.2489221-03:00","Source":1},{"Id":920,"Name":"Lawrence Hudson","BirthDate":"1973-09-18T23:12:31.7795651-03:00","Source":1},{"Id":921,"Name":"Miranda Renner","BirthDate":"2003-07-05T16:22:29.2455094-03:00","Source":1},{"Id":922,"Name":"Teri Fritsch","BirthDate":"1991-06-18T22:02:12.2266013-03:00","Source":1},{"Id":923,"Name":"Adam Hansen","BirthDate":"1987-01-15T16:47:00.314572-02:00","Source":1},{"Id":924,"Name":"Dora Kuvalis","BirthDate":"1981-12-23T14:24:13.3944158-02:00","Source":1},{"Id":925,"Name":"Alberta Murazik","BirthDate":"1991-10-24T19:57:37.3161789-03:00","Source":1},{"Id":926,"Name":"Terri Ledner","BirthDate":"1959-01-23T10:50:29.7901919-02:00","Source":1},{"Id":927,"Name":"Stewart Marvin","BirthDate":"1956-02-02T21:28:37.7089068-02:00","Source":1},{"Id":928,"Name":"Fernando O\u0027Reilly","BirthDate":"1975-04-10T05:52:44.600869-03:00","Source":1},{"Id":929,"Name":"Angela Bauch","BirthDate":"1956-09-14T03:24:37.1028248-03:00","Source":1},{"Id":930,"Name":"Phillip Schroeder","BirthDate":"1967-03-04T22:39:48.76879-03:00","Source":1},{"Id":931,"Name":"Olga Jaskolski","BirthDate":"1988-10-21T16:42:57.2918141-03:00","Source":1},{"Id":932,"Name":"Daniel Hauck","BirthDate":"1955-06-19T15:36:20.4603626-03:00","Source":1},{"Id":933,"Name":"Tracy West","BirthDate":"1988-06-07T07:59:22.7643526-03:00","Source":1},{"Id":934,"Name":"Bryant Willms","BirthDate":"1996-04-23T13:21:03.2986046-03:00","Source":1},{"Id":935,"Name":"Michael Nienow","BirthDate":"1957-02-09T10:52:11.1723307-02:00","Source":1},{"Id":936,"Name":"Dexter Fay","BirthDate":"1968-11-08T00:20:33.4996039-02:00","Source":1},{"Id":937,"Name":"Rosalie Jacobi","BirthDate":"1986-01-24T10:43:49.9151905-02:00","Source":1},{"Id":938,"Name":"Bernadette Bernhard","BirthDate":"1962-03-20T03:38:32.844923-03:00","Source":1},{"Id":939,"Name":"Viola Roberts","BirthDate":"1981-10-13T00:04:02.7076621-03:00","Source":1},{"Id":940,"Name":"Erick Kovacek","BirthDate":"1986-10-12T13:35:57.1274041-03:00","Source":1},{"Id":941,"Name":"Sandra Corwin","BirthDate":"1967-06-16T12:28:43.5054839-03:00","Source":1},{"Id":942,"Name":"John Smitham","BirthDate":"1964-06-19T15:09:11.8303019-03:00","Source":1},{"Id":943,"Name":"Saul Hills","BirthDate":"1978-08-26T22:22:56.9876006-03:00","Source":1},{"Id":944,"Name":"Faith Bernier","BirthDate":"1976-10-13T08:34:08.4499795-03:00","Source":1},{"Id":945,"Name":"Donna Little","BirthDate":"1992-06-20T12:27:26.2965587-03:00","Source":1},{"Id":946,"Name":"Melba Fahey","BirthDate":"1985-04-04T22:57:03.7085294-03:00","Source":1},{"Id":947,"Name":"Wilbur Lebsack","BirthDate":"1975-11-25T12:04:50.3299549-02:00","Source":1},{"Id":948,"Name":"Pete Haley","BirthDate":"1974-12-14T09:35:52.4364438-02:00","Source":1},{"Id":949,"Name":"Earnest Feest","BirthDate":"1988-03-13T00:46:51.1601123-03:00","Source":1},{"Id":950,"Name":"Joey Murray","BirthDate":"1993-04-25T05:17:52.4562323-03:00","Source":1},{"Id":951,"Name":"Gerald Streich","BirthDate":"1996-12-26T21:18:03.0870813-02:00","Source":1},{"Id":952,"Name":"Marlon Gulgowski","BirthDate":"1993-06-03T21:13:32.3356469-03:00","Source":1},{"Id":953,"Name":"Pedro Morissette","BirthDate":"2005-03-05T10:27:33.8320925-03:00","Source":1},{"Id":954,"Name":"Erick Bartell","BirthDate":"1975-10-30T20:51:15.6435901-03:00","Source":1},{"Id":955,"Name":"Ebony Terry","BirthDate":"1985-11-20T02:08:59.9240574-02:00","Source":1},{"Id":956,"Name":"Elizabeth Stracke","BirthDate":"1976-08-04T12:30:00.875254-03:00","Source":1},{"Id":957,"Name":"Eleanor Bosco","BirthDate":"1979-05-05T17:57:07.97818-03:00","Source":1},{"Id":958,"Name":"Kristy McCullough","BirthDate":"1986-12-25T00:22:22.0461899-02:00","Source":1},{"Id":959,"Name":"Donna Stark","BirthDate":"1964-12-13T16:20:48.5788354-02:00","Source":1},{"Id":960,"Name":"Yvette Howell","BirthDate":"1965-01-07T09:37:31.7833527-02:00","Source":1},{"Id":961,"Name":"Eula Johns","BirthDate":"1967-12-28T05:13:12.48497-02:00","Source":1},{"Id":962,"Name":"Molly Bednar","BirthDate":"1962-08-03T20:51:44.7242382-03:00","Source":1},{"Id":963,"Name":"Mamie Farrell","BirthDate":"2004-05-03T05:06:38.998418-03:00","Source":1},{"Id":964,"Name":"Pat Jerde","BirthDate":"2002-02-24T13:55:31.8117963-03:00","Source":1},{"Id":965,"Name":"Mattie Hammes","BirthDate":"1956-03-16T03:49:10.4354276-03:00","Source":1},{"Id":966,"Name":"Barry Flatley","BirthDate":"1986-12-16T09:35:18.9519299-02:00","Source":1},{"Id":967,"Name":"Ian Kris","BirthDate":"2000-03-08T06:13:40.0333767-03:00","Source":1},{"Id":968,"Name":"Christie Leffler","BirthDate":"1994-08-06T12:18:36.9385967-03:00","Source":1},{"Id":969,"Name":"Carolyn Tillman","BirthDate":"1976-05-20T20:31:41.6338461-03:00","Source":1},{"Id":970,"Name":"Horace Cartwright","BirthDate":"1957-04-07T08:06:18.3955085-03:00","Source":1},{"Id":971,"Name":"Miguel Spinka","BirthDate":"1988-05-19T04:36:14.7420894-03:00","Source":1},{"Id":972,"Name":"Doug Lubowitz","BirthDate":"1986-02-07T16:42:12.8441602-02:00","Source":1},{"Id":973,"Name":"Jackie Huel","BirthDate":"1957-06-11T19:08:52.3300273-03:00","Source":1},{"Id":974,"Name":"Vicki Upton","BirthDate":"1996-11-17T12:36:34.1162041-02:00","Source":1},{"Id":975,"Name":"Yolanda Donnelly","BirthDate":"1960-03-15T18:36:12.5935217-03:00","Source":1},{"Id":976,"Name":"Jane Jenkins","BirthDate":"1969-06-20T16:32:47.4542792-03:00","Source":1},{"Id":977,"Name":"Raul Stark","BirthDate":"2002-03-10T18:53:52.3243179-03:00","Source":1},{"Id":978,"Name":"Jonathon Howe","BirthDate":"1983-11-21T08:02:05.2709425-02:00","Source":1},{"Id":979,"Name":"Helen Herman","BirthDate":"1959-01-05T15:21:33.0056641-02:00","Source":1},{"Id":980,"Name":"Eloise Glover","BirthDate":"1984-09-04T16:10:02.5442397-03:00","Source":1},{"Id":981,"Name":"Leslie Morissette","BirthDate":"2000-08-20T16:31:02.3780645-03:00","Source":1},{"Id":982,"Name":"Gwen Larkin","BirthDate":"1999-05-08T09:58:21.9844414-03:00","Source":1},{"Id":983,"Name":"Erma Legros","BirthDate":"2001-06-02T06:24:53.5118259-03:00","Source":1},{"Id":984,"Name":"Darrell Smith","BirthDate":"1999-02-22T06:06:04.0484463-03:00","Source":1},{"Id":985,"Name":"Arnold Vandervort","BirthDate":"1975-10-27T14:31:23.3600838-03:00","Source":1},{"Id":986,"Name":"Sabrina Pagac","BirthDate":"1975-08-25T15:33:31.3534108-03:00","Source":1},{"Id":987,"Name":"Vickie Rolfson","BirthDate":"2001-06-07T21:32:20.3357722-03:00","Source":1},{"Id":988,"Name":"Homer Nader","BirthDate":"1993-10-27T17:25:25.3425574-03:00","Source":1},{"Id":989,"Name":"Phyllis Douglas","BirthDate":"1982-01-03T13:14:12.7703693-02:00","Source":1},{"Id":990,"Name":"Jana Boehm","BirthDate":"1978-06-07T16:55:40.1353772-03:00","Source":1},{"Id":991,"Name":"Sadie Howell","BirthDate":"1986-11-13T17:15:59.9309007-02:00","Source":1},{"Id":992,"Name":"Melvin Huel","BirthDate":"1998-02-21T06:53:39.73455-03:00","Source":1},{"Id":993,"Name":"Freddie White","BirthDate":"1997-07-21T21:41:17.2922144-03:00","Source":1},{"Id":994,"Name":"Valerie O\u0027Reilly","BirthDate":"1971-12-16T20:20:07.791085-02:00","Source":1},{"Id":995,"Name":"Ellis Champlin","BirthDate":"1998-07-10T17:49:42.1296218-03:00","Source":1},{"Id":996,"Name":"Florence Koch","BirthDate":"1982-10-02T08:47:16.8838311-03:00","Source":1},{"Id":997,"Name":"Daniel Pacocha","BirthDate":"1983-03-06T02:41:27.7637876-03:00","Source":1},{"Id":998,"Name":"Robin Corkery","BirthDate":"1974-02-04T11:56:50.0655367-02:00","Source":1},{"Id":999,"Name":"Morris Mante","BirthDate":"1987-07-11T06:45:24.7794274-03:00","Source":1}]