[{"Id":0,"Name":"Ruth Homenick","BirthDate":"1979-05-31T15:01:24.9167898-03:00","Source":0},{"Id":1,"Name":"Rodney Stanton","BirthDate":"1993-04-02T11:28:47.1704435-03:00","Source":0},{"Id":2,"Name":"Jerome Stroman","BirthDate":"1996-11-02T17:18:11.716109-03:00","Source":0},{"Id":3,"Name":"Lionel Schroeder","BirthDate":"1975-03-01T17:37:17.7335513-03:00","Source":0},{"Id":4,"Name":"Sherry Mraz","BirthDate":"1963-02-19T12:20:24.4070237-03:00","Source":0},{"Id":5,"Name":"Howard Will","BirthDate":"1979-03-15T08:39:11.7075536-03:00","Source":0},{"Id":6,"Name":"Kerry Mueller","BirthDate":"1990-04-04T20:01:11.5904934-03:00","Source":0},{"Id":7,"Name":"Merle Schmidt","BirthDate":"1992-12-07T20:04:56.3504398-02:00","Source":0},{"Id":8,"Name":"Mercedes Franecki","BirthDate":"2004-03-14T10:17:57.5614363-03:00","Source":0},{"Id":9,"Name":"Valerie Abernathy","BirthDate":"1977-11-10T06:21:52.7682564-02:00","Source":0},{"Id":10,"Name":"Lowell Gerlach","BirthDate":"1966-08-27T15:32:44.9994624-03:00","Source":0},{"Id":11,"Name":"Wanda Hegmann","BirthDate":"1983-03-08T07:03:23.6510964-03:00","Source":0},{"Id":12,"Name":"Archie Kunde","BirthDate":"1983-02-06T00:07:29.6736468-02:00","Source":0},{"Id":13,"Name":"Rafael Walter","BirthDate":"1995-08-08T16:13:32.5925376-03:00","Source":0},{"Id":14,"Name":"Israel Nienow","BirthDate":"2004-05-11T10:18:02.1857142-03:00","Source":0},{"Id":15,"Name":"Jean Schoen","BirthDate":"1984-06-12T16:57:06.4685068-03:00","Source":0},{"Id":16,"Name":"Delia Kerluke","BirthDate":"1985-04-17T11:32:29.8282048-03:00","Source":0},{"Id":17,"Name":"Heidi Bashirian","BirthDate":"1981-06-11T17:22:20.3913582-03:00","Source":0},{"Id":18,"Name":"Anthony Schoen","BirthDate":"1998-02-23T14:14:49.7155997-03:00","Source":0},{"Id":19,"Name":"Clyde Spinka","BirthDate":"1983-01-20T08:01:29.7626465-02:00","Source":0},{"Id":20,"Name":"Ronnie Green","BirthDate":"1957-04-11T07:31:53.1515545-03:00","Source":0},{"Id":21,"Name":"Lucas Lakin","BirthDate":"1976-03-12T02:50:13.9090952-03:00","Source":0},{"Id":22,"Name":"Allison Hoppe","BirthDate":"1975-08-15T10:02:22.1427766-03:00","Source":0},{"Id":23,"Name":"Kathleen Dach","BirthDate":"2003-04-14T21:31:22.5077627-03:00","Source":0},{"Id":24,"Name":"Van Gislason","BirthDate":"1962-05-22T17:32:57.160225-03:00","Source":0},{"Id":25,"Name":"Johnnie Lakin","BirthDate":"1980-07-30T18:18:35.938123-03:00","Source":0},{"Id":26,"Name":"Ella MacGyver","BirthDate":"1973-06-25T08:06:54.7341967-03:00","Source":0},{"Id":27,"Name":"Wendy Wyman","BirthDate":"1983-03-24T01:32:26.5116106-03:00","Source":0},{"Id":28,"Name":"Judy Schneider","BirthDate":"1974-01-31T00:24:34.1809612-02:00","Source":0},{"Id":29,"Name":"Carmen Durgan","BirthDate":"2000-05-06T13:34:04.9443596-03:00","Source":0},{"Id":30,"Name":"Tina Kemmer","BirthDate":"1964-03-19T12:17:47.8418471-03:00","Source":0},{"Id":31,"Name":"Ellen Goyette","BirthDate":"1974-01-29T23:45:54.273665-02:00","Source":0},{"Id":32,"Name":"Irving Muller","BirthDate":"1985-11-17T23:08:42.0737834-02:00","Source":0},{"Id":33,"Name":"Jacob Hahn","BirthDate":"1974-11-14T14:25:28.5363863-02:00","Source":0},{"Id":34,"Name":"Pearl Brakus","BirthDate":"1997-01-24T10:36:39.8357656-02:00","Source":0},{"Id":35,"Name":"Nathaniel Lemke","BirthDate":"1962-04-21T02:57:05.26896-03:00","Source":0},{"Id":36,"Name":"Clayton Feeney","BirthDate":"1971-04-25T04:07:40.4537734-03:00","Source":0},{"Id":37,"Name":"Jonathan Abbott","BirthDate":"1970-04-23T15:28:26.8611604-03:00","Source":0},{"Id":38,"Name":"Phillip Wilkinson","BirthDate":"1984-11-26T20:13:59.5109209-02:00","Source":0},{"Id":39,"Name":"Harry Rempel","BirthDate":"1999-07-11T09:27:06.5507336-03:00","Source":0},{"Id":40,"Name":"Jasmine Bartell","BirthDate":"1996-04-10T00:09:10.8448696-03:00","Source":0},{"Id":41,"Name":"Jeanne Zboncak","BirthDate":"1985-02-14T04:27:50.4252249-03:00","Source":0},{"Id":42,"Name":"Douglas Terry","BirthDate":"1972-09-01T06:19:40.3136593-03:00","Source":0},{"Id":43,"Name":"Rosa MacGyver","BirthDate":"1970-01-10T06:02:46.7067529-02:00","Source":0},{"Id":44,"Name":"Clay Corkery","BirthDate":"1981-12-25T13:54:13.6667264-02:00","Source":0},{"Id":45,"Name":"Nettie Feeney","BirthDate":"1977-12-02T06:55:34.5174606-02:00","Source":0},{"Id":46,"Name":"Guadalupe Kemmer","BirthDate":"1974-10-02T20:39:26.3741776-03:00","Source":0},{"Id":47,"Name":"Phillip Dibbert","BirthDate":"1960-06-29T19:35:41.4143112-03:00","Source":0},{"Id":48,"Name":"Colleen Hegmann","BirthDate":"1994-11-27T14:05:03.1131831-02:00","Source":0},{"Id":49,"Name":"Felipe Hilll","BirthDate":"1956-12-25T16:45:40.189021-02:00","Source":0},{"Id":50,"Name":"Marion Medhurst","BirthDate":"1990-01-18T21:37:43.8130471-02:00","Source":0},{"Id":51,"Name":"Brittany O\u0027Keefe","BirthDate":"1997-12-15T04:17:27.7938927-02:00","Source":0},{"Id":52,"Name":"Natasha McLaughlin","BirthDate":"1988-02-25T02:01:21.7430115-03:00","Source":0},{"Id":53,"Name":"Krista Conroy","BirthDate":"1959-09-10T07:09:51.938451-03:00","Source":0},{"Id":54,"Name":"Rick Hamill","BirthDate":"1988-02-11T10:15:13.3833957-02:00","Source":0},{"Id":55,"Name":"Faith Ziemann","BirthDate":"1962-01-04T06:31:59.1793736-02:00","Source":0},{"Id":56,"Name":"Gene Macejkovic","BirthDate":"2005-04-13T00:09:11.4291132-03:00","Source":0},{"Id":57,"Name":"Willie Ankunding","BirthDate":"1968-02-07T16:53:19.8235689-02:00","Source":0},{"Id":58,"Name":"Traci Ryan","BirthDate":"1959-12-13T22:07:48.1692528-02:00","Source":0},{"Id":59,"Name":"Sharon Nikolaus","BirthDate":"1985-08-11T22:53:27.0577077-03:00","Source":0},{"Id":60,"Name":"Otis Lind","BirthDate":"1968-06-14T00:04:13.6563022-03:00","Source":0},{"Id":61,"Name":"Peter Goyette","BirthDate":"1962-08-18T19:12:33.9473033-03:00","Source":0},{"Id":62,"Name":"Austin Homenick","BirthDate":"1961-09-20T15:11:33.2495197-03:00","Source":0},{"Id":63,"Name":"Gina Carroll","BirthDate":"1966-08-14T04:07:53.7177133-03:00","Source":0},{"Id":64,"Name":"Olga Lockman","BirthDate":"1998-03-08T09:51:48.7540789-03:00","Source":0},{"Id":65,"Name":"Louise Schmitt","BirthDate":"1959-07-12T07:36:59.245303-03:00","Source":0},{"Id":66,"Name":"Wesley Bahringer","BirthDate":"1989-08-22T05:52:48.5982921-03:00","Source":0},{"Id":67,"Name":"Jesus Oberbrunner","BirthDate":"1964-03-13T18:03:14.8543435-03:00","Source":0},{"Id":68,"Name":"Roland Rogahn","BirthDate":"1961-12-24T21:58:24.2613414-02:00","Source":0},{"Id":69,"Name":"Kristin Aufderhar","BirthDate":"1998-07-16T05:52:18.5634096-03:00","Source":0},{"Id":70,"Name":"Marc Towne","BirthDate":"1969-01-30T08:36:22.3293853-02:00","Source":0},{"Id":71,"Name":"Gordon Kemmer","BirthDate":"1968-11-15T14:13:58.5099624-02:00","Source":0},{"Id":72,"Name":"Lora Kautzer","BirthDate":"1991-01-11T15:04:58.1734658-02:00","Source":0},{"Id":73,"Name":"Francis Oberbrunner","BirthDate":"1961-07-08T15:11:23.0690733-03:00","Source":0},{"Id":74,"Name":"Ethel Walter","BirthDate":"1962-06-28T03:40:48.3619488-03:00","Source":0},{"Id":75,"Name":"Jackie Kertzmann","BirthDate":"1965-05-04T06:34:18.7697727-03:00","Source":0},{"Id":76,"Name":"Christian Hahn","BirthDate":"1981-02-12T20:22:33.2071837-02:00","Source":0},{"Id":77,"Name":"Ida Rempel","BirthDate":"1997-09-26T21:55:47.3617225-03:00","Source":0},{"Id":78,"Name":"Lauren Little","BirthDate":"1980-09-15T09:53:02.0886812-03:00","Source":0},{"Id":79,"Name":"Perry Terry","BirthDate":"1971-06-14T15:19:52.0143774-03:00","Source":0},{"Id":80,"Name":"Winston Hettinger","BirthDate":"1971-06-16T18:09:56.7877124-03:00","Source":0},{"Id":81,"Name":"Joel Murphy","BirthDate":"1965-03-21T03:16:10.736213-03:00","Source":0},{"Id":82,"Name":"Regina Heaney","BirthDate":"1963-08-09T15:51:35.5125697-03:00","Source":0},{"Id":83,"Name":"Jane Davis","BirthDate":"1992-09-02T00:38:39.6551783-03:00","Source":0},{"Id":84,"Name":"Salvatore Bogan","BirthDate":"1998-08-17T05:59:33.5089323-03:00","Source":0},{"Id":85,"Name":"Mae Leannon","BirthDate":"1979-02-05T13:57:14.9323021-02:00","Source":0},{"Id":86,"Name":"Ken Schiller","BirthDate":"1999-04-06T04:14:52.1007883-03:00","Source":0},{"Id":87,"Name":"Jon Metz","BirthDate":"1994-02-16T12:23:53.7446705-03:00","Source":0},{"Id":88,"Name":"Dave Strosin","BirthDate":"1964-10-15T04:21:41.152609-03:00","Source":0},{"Id":89,"Name":"Ivan Dach","BirthDate":"1984-12-10T11:26:01.036537-02:00","Source":0},{"Id":90,"Name":"Drew Dicki","BirthDate":"1983-09-30T05:54:05.1748078-03:00","Source":0},{"Id":91,"Name":"Essie Schumm","BirthDate":"1999-12-12T22:19:09.7766407-02:00","Source":0},{"Id":92,"Name":"Ralph Schmitt","BirthDate":"1997-05-29T21:47:46.2622053-03:00","Source":0},{"Id":93,"Name":"Jimmy Blanda","BirthDate":"1983-03-30T10:08:32.4564706-03:00","Source":0},{"Id":94,"Name":"Darla Toy","BirthDate":"1964-08-20T07:54:43.7317051-03:00","Source":0},{"Id":95,"Name":"Anne Wolf","BirthDate":"2000-05-24T10:34:31.9920728-03:00","Source":0},{"Id":96,"Name":"Alex Cartwright","BirthDate":"1972-07-14T16:44:41.3593013-03:00","Source":0},{"Id":97,"Name":"Herman Moen","BirthDate":"1973-12-23T23:40:06.5937379-02:00","Source":0},{"Id":98,"Name":"Joann Schuppe","BirthDate":"2002-02-16T18:34:13.0346342-03:00","Source":0},{"Id":99,"Name":"Bernard Mueller","BirthDate":"1981-01-17T18:20:52.5585923-02:00","Source":0},{"Id":100,"Name":"Ricky Ferry","BirthDate":"1983-05-04T17:57:02.0156475-03:00","Source":0},{"Id":101,"Name":"Edwin Mraz","BirthDate":"1971-04-09T00:31:29.1400395-03:00","Source":0},{"Id":102,"Name":"Darren Russel","BirthDate":"1965-12-28T08:33:52.9659986-02:00","Source":0},{"Id":103,"Name":"Maureen Moore","BirthDate":"2003-11-19T02:15:53.7736467-02:00","Source":0},{"Id":104,"Name":"Ruby Waters","BirthDate":"1990-07-01T09:12:28.0032626-03:00","Source":0},{"Id":105,"Name":"Darnell Tremblay","BirthDate":"1976-12-31T17:53:50.062739-02:00","Source":0},{"Id":106,"Name":"Jill Auer","BirthDate":"1958-11-06T11:43:46.9311336-02:00","Source":0},{"Id":107,"Name":"Bennie Schaefer","BirthDate":"1957-01-12T10:28:36.5430938-02:00","Source":0},{"Id":108,"Name":"Cary Davis","BirthDate":"1969-04-07T07:28:29.0510984-03:00","Source":0},{"Id":109,"Name":"Mack Bergnaum","BirthDate":"1968-02-17T18:10:46.2484004-03:00","Source":0},{"Id":110,"Name":"Ray Littel","BirthDate":"1974-02-15T00:49:32.1965481-03:00","Source":0},{"Id":111,"Name":"Anna Goldner","BirthDate":"1970-09-02T00:24:35.7876742-03:00","Source":0},{"Id":112,"Name":"Ruben Legros","BirthDate":"1967-08-15T13:51:38.6010371-03:00","Source":0},{"Id":113,"Name":"Omar Hettinger","BirthDate":"1978-10-24T00:04:47.1562805-03:00","Source":0},{"Id":114,"Name":"Alex Gusikowski","BirthDate":"1975-11-25T18:20:11.3759844-02:00","Source":0},{"Id":115,"Name":"Santos Littel","BirthDate":"1956-12-19T23:55:12.5614476-02:00","Source":0},{"Id":116,"Name":"Charlotte Gleichner","BirthDate":"1961-04-06T01:17:53.2186746-03:00","Source":0},{"Id":117,"Name":"Terrell Gulgowski","BirthDate":"2002-09-28T09:58:41.4730255-03:00","Source":0},{"Id":118,"Name":"Allen Hyatt","BirthDate":"2005-03-16T04:10:38.9254915-03:00","Source":0},{"Id":119,"Name":"Ramon Langosh","BirthDate":"1999-07-14T21:59:09.2568221-03:00","Source":0},{"Id":120,"Name":"Marie Gaylord","BirthDate":"1984-04-18T07:39:40.5998275-03:00","Source":0},{"Id":121,"Name":"Pearl Schulist","BirthDate":"1977-10-29T17:41:52.0923541-03:00","Source":0},{"Id":122,"Name":"Blanche O\u0027Connell","BirthDate":"2001-06-05T21:55:42.5285274-03:00","Source":0},{"Id":123,"Name":"Faye Hyatt","BirthDate":"1985-03-13T22:03:36.4889153-03:00","Source":0},{"Id":124,"Name":"Merle Sanford","BirthDate":"1963-10-31T23:20:14.3142674-03:00","Source":0},{"Id":125,"Name":"Diane Sauer","BirthDate":"1966-12-29T15:00:51.4046482-02:00","Source":0},{"Id":126,"Name":"Leona Dickinson","BirthDate":"1989-01-16T15:17:42.9363329-02:00","Source":0},{"Id":127,"Name":"Andrea Donnelly","BirthDate":"1987-01-08T06:29:25.8887117-02:00","Source":0},{"Id":128,"Name":"Mitchell Skiles","BirthDate":"1999-06-19T13:05:27.0007593-03:00","Source":0},{"Id":129,"Name":"Kendra Pfeffer","BirthDate":"1985-07-05T15:57:18.9021531-03:00","Source":0},{"Id":130,"Name":"Tyrone Stark","BirthDate":"1982-09-30T12:02:26.4238996-03:00","Source":0},{"Id":131,"Name":"Rachael Grady","BirthDate":"1965-05-12T08:42:48.5062429-03:00","Source":0},{"Id":132,"Name":"Mildred Huels","BirthDate":"1987-06-28T11:18:12.1045095-03:00","Source":0},{"Id":133,"Name":"Kari Dooley","BirthDate":"2003-04-12T13:49:28.9480077-03:00","Source":0},{"Id":134,"Name":"Lloyd Reilly","BirthDate":"2004-03-13T18:32:54.4399257-03:00","Source":0},{"Id":135,"Name":"Danny Rohan","BirthDate":"1969-12-27T03:03:23.8380836-02:00","Source":0},{"Id":136,"Name":"Samuel Gorczany","BirthDate":"2002-09-01T08:16:42.6766032-03:00","Source":0},{"Id":137,"Name":"Lauren Tromp","BirthDate":"1984-01-26T11:09:31.6125258-02:00","Source":0},{"Id":138,"Name":"Kelli Kozey","BirthDate":"1987-03-18T11:06:01.6996689-03:00","Source":0},{"Id":139,"Name":"Laurie Johnson","BirthDate":"1981-10-19T04:15:15.602085-03:00","Source":0},{"Id":140,"Name":"Frankie Welch","BirthDate":"1970-01-27T08:51:24.7938278-02:00","Source":0},{"Id":141,"Name":"Herbert Johns","BirthDate":"1988-12-08T13:30:40.6696289-02:00","Source":0},{"Id":142,"Name":"Winston Tillman","BirthDate":"1994-08-10T08:32:59.7634149-03:00","Source":0},{"Id":143,"Name":"Lola Leffler","BirthDate":"1974-08-25T16:31:45.3017413-03:00","Source":0},{"Id":144,"Name":"Seth Boyle","BirthDate":"1977-05-04T10:53:35.9223166-03:00","Source":0},{"Id":145,"Name":"Alexis Bogisich","BirthDate":"1974-10-11T14:57:33.9580147-03:00","Source":0},{"Id":146,"Name":"Lora Schmeler","BirthDate":"1968-01-08T16:17:57.3701752-02:00","Source":0},{"Id":147,"Name":"Wanda Considine","BirthDate":"1975-03-08T07:02:04.9515512-03:00","Source":0},{"Id":148,"Name":"Heather O\u0027Keefe","BirthDate":"1987-04-17T18:39:35.4283736-03:00","Source":0},{"Id":149,"Name":"Raul Larson","BirthDate":"1987-12-08T15:44:36.218983-02:00","Source":0},{"Id":150,"Name":"Connie Cremin","BirthDate":"1981-11-26T21:25:57.7880429-02:00","Source":0},{"Id":151,"Name":"Gilberto Grady","BirthDate":"1972-05-17T22:58:06.1420651-03:00","Source":0},{"Id":152,"Name":"Albert Ziemann","BirthDate":"1981-11-08T16:09:00.5001426-02:00","Source":0},{"Id":153,"Name":"Laura Macejkovic","BirthDate":"1977-11-19T05:31:13.0728034-02:00","Source":0},{"Id":154,"Name":"Pete Bednar","BirthDate":"1968-07-06T08:12:29.1534426-03:00","Source":0},{"Id":155,"Name":"Wilbert Dach","BirthDate":"1956-05-04T18:21:26.122537-03:00","Source":0},{"Id":156,"Name":"Edna Schamberger","BirthDate":"1990-07-30T05:32:04.3247182-03:00","Source":0},{"Id":157,"Name":"Wilson Marvin","BirthDate":"1965-11-02T05:23:46.1723297-02:00","Source":0},{"Id":158,"Name":"Elijah Swift","BirthDate":"1986-11-12T17:23:52.7239412-02:00","Source":0},{"Id":159,"Name":"Eddie Effertz","BirthDate":"1984-09-21T11:16:44.5604331-03:00","Source":0},{"Id":160,"Name":"Anita Cole","BirthDate":"1964-08-31T02:43:13.4079567-03:00","Source":0},{"Id":161,"Name":"Rita Sporer","BirthDate":"1960-12-21T06:32:11.0580485-02:00","Source":0},{"Id":162,"Name":"Daniel Green","BirthDate":"1959-07-17T01:09:29.6716933-03:00","Source":0},{"Id":163,"Name":"Mike Kilback","BirthDate":"2001-07-10T23:58:13.9165843-03:00","Source":0},{"Id":164,"Name":"Nora McCullough","BirthDate":"1968-06-15T01:32:39.4486191-03:00","Source":0},{"Id":165,"Name":"Vincent Douglas","BirthDate":"2002-05-02T16:27:39.0720366-03:00","Source":0},{"Id":166,"Name":"Chelsea O\u0027Keefe","BirthDate":"1956-05-17T03:16:55.9672601-03:00","Source":0},{"Id":167,"Name":"Tommie Smith","BirthDate":"1998-09-17T23:18:54.8133754-03:00","Source":0},{"Id":168,"Name":"Gladys Farrell","BirthDate":"1964-01-01T09:21:13.2556666-02:00","Source":0},{"Id":169,"Name":"Kayla Keebler","BirthDate":"1961-02-04T05:52:21.972299-02:00","Source":0},{"Id":170,"Name":"Meredith Konopelski","BirthDate":"1968-04-16T10:22:13.9405587-03:00","Source":0},{"Id":171,"Name":"Candice Nicolas","BirthDate":"1996-10-22T07:49:47.8721249-03:00","Source":0},{"Id":172,"Name":"Gabriel Rath","BirthDate":"1961-10-03T17:29:11.8137108-03:00","Source":0},{"Id":173,"Name":"Bonnie Pagac","BirthDate":"1966-07-04T01:20:01.5603922-03:00","Source":0},{"Id":174,"Name":"Henry Muller","BirthDate":"1961-12-26T22:48:51.6800406-02:00","Source":0},{"Id":175,"Name":"Delia Hartmann","BirthDate":"2004-12-28T07:14:56.5323491-02:00","Source":0},{"Id":176,"Name":"Laverne Rempel","BirthDate":"1976-05-03T10:32:39.3729952-03:00","Source":0},{"Id":177,"Name":"Clint Fadel","BirthDate":"1981-01-21T20:10:26.2756981-02:00","Source":0},{"Id":178,"Name":"Noah Lesch","BirthDate":"1970-06-10T04:07:13.2175345-03:00","Source":0},{"Id":179,"Name":"Carrie Hahn","BirthDate":"1965-06-28T06:38:22.5145663-03:00","Source":0},{"Id":180,"Name":"Stephen Steuber","BirthDate":"1999-08-04T23:05:12.9795416-03:00","Source":0},{"Id":181,"Name":"Ben Weimann","BirthDate":"1974-08-19T14:01:18.0209616-03:00","Source":0},{"Id":182,"Name":"Rex Schuppe","BirthDate":"1997-11-26T10:05:10.3617904-02:00","Source":0},{"Id":183,"Name":"Jennie Ledner","BirthDate":"1960-11-10T14:35:21.8973686-02:00","Source":0},{"Id":184,"Name":"Santiago Stracke","BirthDate":"2001-01-03T17:46:51.7440215-02:00","Source":0},{"Id":185,"Name":"Theodore Medhurst","BirthDate":"2004-12-31T10:39:54.7806378-02:00","Source":0},{"Id":186,"Name":"Taylor Witting","BirthDate":"1967-07-03T17:20:36.9594809-03:00","Source":0},{"Id":187,"Name":"Samuel Von","BirthDate":"1990-06-06T06:29:42.1071311-03:00","Source":0},{"Id":188,"Name":"Garry Heathcote","BirthDate":"1967-12-18T05:56:51.0012247-02:00","Source":0},{"Id":189,"Name":"Tanya Grant","BirthDate":"1956-11-08T21:16:34.8121686-02:00","Source":0},{"Id":190,"Name":"Melissa Halvorson","BirthDate":"1961-10-19T18:54:31.4797247-03:00","Source":0},{"Id":191,"Name":"Kim Zemlak","BirthDate":"1968-03-10T12:52:09.5594104-03:00","Source":0},{"Id":192,"Name":"Rodney Reinger","BirthDate":"2002-01-25T06:10:46.0352906-02:00","Source":0},{"Id":193,"Name":"Dexter Baumbach","BirthDate":"1973-10-19T06:59:19.2315683-03:00","Source":0},{"Id":194,"Name":"Tommie Blick","BirthDate":"1974-02-03T20:58:49.3474651-02:00","Source":0},{"Id":195,"Name":"Drew Balistreri","BirthDate":"1964-01-03T06:26:15.1633468-02:00","Source":0},{"Id":196,"Name":"Renee Walter","BirthDate":"1978-12-17T16:05:12.5860175-02:00","Source":0},{"Id":197,"Name":"Vicki Cormier","BirthDate":"1961-10-19T12:59:24.9987177-03:00","Source":0},{"Id":198,"Name":"Milton Cole","BirthDate":"1969-03-11T12:35:12.6074328-03:00","Source":0},{"Id":199,"Name":"Rex Wehner","BirthDate":"1966-11-12T15:24:41.6920682-02:00","Source":0},{"Id":200,"Name":"Cecil Hayes","BirthDate":"1995-03-27T02:50:18.4700984-03:00","Source":0},{"Id":201,"Name":"Janis Mueller","BirthDate":"1983-02-22T21:45:29.293672-03:00","Source":0},{"Id":202,"Name":"Naomi Stracke","BirthDate":"1986-04-07T14:19:43.4506537-03:00","Source":0},{"Id":203,"Name":"Angela Medhurst","BirthDate":"1977-06-02T11:33:32.3923519-03:00","Source":0},{"Id":204,"Name":"Estelle Kuhic","BirthDate":"1967-11-30T23:17:24.6419891-02:00","Source":0},{"Id":205,"Name":"James Simonis","BirthDate":"1972-06-30T03:00:41.9560595-03:00","Source":0},{"Id":206,"Name":"Garrett O\u0027Kon","BirthDate":"1966-02-01T03:39:45.5259164-02:00","Source":0},{"Id":207,"Name":"Francisco Pacocha","BirthDate":"1963-11-12T19:03:08.4735383-02:00","Source":0},{"Id":208,"Name":"Carl Pfannerstill","BirthDate":"1987-06-02T12:00:14.6265097-03:00","Source":0},{"Id":209,"Name":"Felipe Sporer","BirthDate":"1978-10-17T03:32:31.1777764-03:00","Source":0},{"Id":210,"Name":"Hector Swift","BirthDate":"1992-08-08T18:12:26.0006925-03:00","Source":0},{"Id":211,"Name":"Alexandra Reynolds","BirthDate":"1968-07-11T08:17:27.8170368-03:00","Source":0},{"Id":212,"Name":"Jason Hickle","BirthDate":"1980-02-13T07:46:49.7275388-03:00","Source":0},{"Id":213,"Name":"Jeannette Stroman","BirthDate":"1980-04-02T02:48:08.447088-03:00","Source":0},{"Id":214,"Name":"Ruben Dickinson","BirthDate":"1981-10-03T10:45:33.2176178-03:00","Source":0},{"Id":215,"Name":"Joanne Ernser","BirthDate":"1992-07-28T12:14:32.8217094-03:00","Source":0},{"Id":216,"Name":"Allison Keebler","BirthDate":"1978-10-24T09:06:44.6197693-03:00","Source":0},{"Id":217,"Name":"Heidi Leffler","BirthDate":"1985-10-11T02:25:30.8563511-03:00","Source":0},{"Id":218,"Name":"Ross Fisher","BirthDate":"1991-06-26T07:00:24.5268057-03:00","Source":0},{"Id":219,"Name":"Kate Halvorson","BirthDate":"1956-02-19T12:45:02.8187209-03:00","Source":0},{"Id":220,"Name":"Joy Johnson","BirthDate":"1985-06-25T05:13:22.4804586-03:00","Source":0},{"Id":221,"Name":"Jeffrey Gerlach","BirthDate":"1993-02-08T14:00:20.7822313-02:00","Source":0},{"Id":222,"Name":"Roman Gulgowski","BirthDate":"1974-07-17T08:41:04.7254532-03:00","Source":0},{"Id":223,"Name":"Heather Hessel","BirthDate":"1955-05-28T12:02:00.3178549-03:00","Source":0},{"Id":224,"Name":"Dave Gutkowski","BirthDate":"1969-05-12T10:09:52.5985877-03:00","Source":0},{"Id":225,"Name":"Josefina Schneider","BirthDate":"1979-12-25T18:03:39.809579-02:00","Source":0},{"Id":226,"Name":"Ernesto Tremblay","BirthDate":"1969-12-05T14:46:37.8617146-02:00","Source":0},{"Id":227,"Name":"Fannie Hand","BirthDate":"1962-09-02T21:50:45.6071839-03:00","Source":0},{"Id":228,"Name":"Joy Borer","BirthDate":"1990-12-10T05:16:35.5112877-02:00","Source":0},{"Id":229,"Name":"Jason Wolf","BirthDate":"1967-07-31T15:50:29.5943145-03:00","Source":0},{"Id":230,"Name":"Sandy Schuster","BirthDate":"1986-12-24T20:49:23.5060456-02:00","Source":0},{"Id":231,"Name":"Geraldine Effertz","BirthDate":"1982-06-16T13:06:16.0520953-03:00","Source":0},{"Id":232,"Name":"Julia Cronin","BirthDate":"1990-02-27T14:54:14.720502-03:00","Source":0},{"Id":233,"Name":"Colleen Block","BirthDate":"2004-01-31T01:47:14.4477612-02:00","Source":0},{"Id":234,"Name":"Luther Wehner","BirthDate":"2003-12-29T20:06:10.6967615-02:00","Source":0},{"Id":235,"Name":"Kristopher Kessler","BirthDate":"1988-05-03T02:12:56.2623137-03:00","Source":0},{"Id":236,"Name":"Tabitha Bode","BirthDate":"1995-03-29T14:02:03.2948532-03:00","Source":0},{"Id":237,"Name":"Nina Hauck","BirthDate":"1996-03-04T02:28:34.2879922-03:00","Source":0},{"Id":238,"Name":"Claire Rutherford","BirthDate":"1992-11-20T10:38:24.4924064-02:00","Source":0},{"Id":239,"Name":"Clark Hermiston","BirthDate":"1975-08-11T06:09:21.2755766-03:00","Source":0},{"Id":240,"Name":"Roxanne Dooley","BirthDate":"1992-12-03T10:14:20.6848266-02:00","Source":0},{"Id":241,"Name":"Estelle Hoeger","BirthDate":"2001-11-10T15:12:24.9448824-02:00","Source":0},{"Id":242,"Name":"Cornelius Hermiston","BirthDate":"1993-02-08T18:41:34.434925-02:00","Source":0},{"Id":243,"Name":"Ricky Cronin","BirthDate":"1999-12-22T05:51:50.9889406-02:00","Source":0},{"Id":244,"Name":"Stanley Carter","BirthDate":"1991-02-25T10:16:44.0138119-03:00","Source":0},{"Id":245,"Name":"Lorenzo Anderson","BirthDate":"1986-06-14T10:34:56.7773455-03:00","Source":0},{"Id":246,"Name":"Hope Daugherty","BirthDate":"1987-12-01T09:30:39.4365519-02:00","Source":0},{"Id":247,"Name":"Willis Walker","BirthDate":"1987-12-11T22:51:09.1939359-02:00","Source":0},{"Id":248,"Name":"Bertha Koss","BirthDate":"1984-06-11T22:24:38.3083397-03:00","Source":0},{"Id":249,"Name":"Johanna Dickinson","BirthDate":"2003-06-12T12:38:31.6980057-03:00","Source":0},{"Id":250,"Name":"Bryan Swift","BirthDate":"1991-11-02T01:23:59.6539386-03:00","Source":0},{"Id":251,"Name":"Violet Hackett","BirthDate":"1985-01-23T16:41:51.4352571-02:00","Source":0},{"Id":252,"Name":"Kristen Abshire","BirthDate":"1986-04-09T05:41:28.3217754-03:00","Source":0},{"Id":253,"Name":"Patsy Towne","BirthDate":"1988-10-06T16:53:50.0467599-03:00","Source":0},{"Id":254,"Name":"Karen Heathcote","BirthDate":"1973-10-24T09:58:58.1092182-03:00","Source":0},{"Id":255,"Name":"Bruce Volkman","BirthDate":"1955-12-20T00:56:30.2956622-02:00","Source":0},{"Id":256,"Name":"Maureen Goldner","BirthDate":"1961-04-24T11:53:32.1101145-03:00","Source":0},{"Id":257,"Name":"Neil Goodwin","BirthDate":"1974-07-07T00:17:21.0438608-03:00","Source":0},{"Id":258,"Name":"Erica Schoen","BirthDate":"1971-11-13T11:01:18.4382973-02:00","Source":0},{"Id":259,"Name":"Noel Dooley","BirthDate":"1982-06-07T03:53:32.2833366-03:00","Source":0},{"Id":260,"Name":"Alfred Little","BirthDate":"1995-08-19T15:48:58.4238249-03:00","Source":0},{"Id":261,"Name":"Elijah Casper","BirthDate":"2001-07-22T01:05:38.505285-03:00","Source":0},{"Id":262,"Name":"Chad Klocko","BirthDate":"1985-03-30T18:49:52.2958308-03:00","Source":0},{"Id":263,"Name":"Julie Boyle","BirthDate":"1958-01-12T05:19:52.7353691-02:00","Source":0},{"Id":264,"Name":"Lorenzo Goodwin","BirthDate":"1965-08-23T09:14:29.4488814-03:00","Source":0},{"Id":265,"Name":"Harry Nicolas","BirthDate":"1962-11-02T08:52:22.5671281-03:00","Source":0},{"Id":266,"Name":"Corey Hickle","BirthDate":"2004-08-22T00:26:59.3642126-03:00","Source":0},{"Id":267,"Name":"Judy Glover","BirthDate":"1993-11-16T20:53:33.3924474-02:00","Source":0},{"Id":268,"Name":"Vickie O\u0027Kon","BirthDate":"1968-05-05T22:41:15.3721178-03:00","Source":0},{"Id":269,"Name":"Darryl Corwin","BirthDate":"1977-07-08T12:56:36.7538164-03:00","Source":0},{"Id":270,"Name":"Willis Wisoky","BirthDate":"1987-11-03T18:30:11.130532-02:00","Source":0},{"Id":271,"Name":"Edmund Upton","BirthDate":"1986-07-19T06:15:56.4540173-03:00","Source":0},{"Id":272,"Name":"Norman MacGyver","BirthDate":"1969-04-16T07:19:02.9594277-03:00","Source":0},{"Id":273,"Name":"Casey Schmidt","BirthDate":"1964-08-04T23:01:50.8890088-03:00","Source":0},{"Id":274,"Name":"Kathleen Bailey","BirthDate":"1961-04-25T21:39:19.4913995-03:00","Source":0},{"Id":275,"Name":"Gregory Friesen","BirthDate":"1962-07-04T14:37:44.0130513-03:00","Source":0},{"Id":276,"Name":"Jim Breitenberg","BirthDate":"1992-03-20T20:26:41.300829-03:00","Source":0},{"Id":277,"Name":"Jody Rath","BirthDate":"1993-05-28T05:00:37.5577736-03:00","Source":0},{"Id":278,"Name":"Marlon Shanahan","BirthDate":"2003-02-14T07:17:11.4227115-03:00","Source":0},{"Id":279,"Name":"Dan Nader","BirthDate":"2004-11-28T13:00:02.1737372-02:00","Source":0},{"Id":280,"Name":"Willard Anderson","BirthDate":"1997-01-14T13:57:10.630081-02:00","Source":0},{"Id":281,"Name":"Pedro Dach","BirthDate":"1999-06-04T14:37:13.0508006-03:00","Source":0},{"Id":282,"Name":"Mary Feeney","BirthDate":"1955-06-15T02:39:32.0053677-03:00","Source":0},{"Id":283,"Name":"Lowell Hilpert","BirthDate":"1979-10-19T10:10:26.1360286-03:00","Source":0},{"Id":284,"Name":"Inez Howe","BirthDate":"1969-06-16T12:42:33.257142-03:00","Source":0},{"Id":285,"Name":"Calvin Erdman","BirthDate":"1973-07-04T21:33:38.6201159-03:00","Source":0},{"Id":286,"Name":"Johnnie Ebert","BirthDate":"1965-02-09T16:47:26.4578259-02:00","Source":0},{"Id":287,"Name":"Eileen Reinger","BirthDate":"1979-01-27T16:50:07.7562826-02:00","Source":0},{"Id":288,"Name":"Lucia Effertz","BirthDate":"1974-03-19T15:52:50.7011845-03:00","Source":0},{"Id":289,"Name":"Brandy Anderson","BirthDate":"1991-10-01T17:42:17.7124321-03:00","Source":0},{"Id":290,"Name":"Alan Wilkinson","BirthDate":"1958-04-10T08:04:58.8084203-03:00","Source":0},{"Id":291,"Name":"Cecelia Douglas","BirthDate":"2000-10-15T13:55:03.3963289-03:00","Source":0},{"Id":292,"Name":"Rudolph Hammes","BirthDate":"2004-01-24T14:19:42.3034337-02:00","Source":0},{"Id":293,"Name":"Ellen Spencer","BirthDate":"1989-10-05T13:20:06.3714368-03:00","Source":0},{"Id":294,"Name":"Brenda Ledner","BirthDate":"1959-10-24T20:45:01.1585433-03:00","Source":0},{"Id":295,"Name":"Ben Beer","BirthDate":"1963-02-26T17:46:36.2635255-03:00","Source":0},{"Id":296,"Name":"Genevieve Kling","BirthDate":"1988-03-23T16:12:50.9607384-03:00","Source":0},{"Id":297,"Name":"Guy Predovic","BirthDate":"1966-01-07T21:52:09.0999858-02:00","Source":0},{"Id":298,"Name":"Morris Aufderhar","BirthDate":"1978-04-18T04:42:46.5918656-03:00","Source":0},{"Id":299,"Name":"Kelvin O\u0027Keefe","BirthDate":"1981-02-14T15:08:44.1127524-02:00","Source":0},{"Id":300,"Name":"Kristin Ebert","BirthDate":"2000-09-13T16:42:48.7738139-03:00","Source":0},{"Id":301,"Name":"Mercedes Trantow","BirthDate":"1988-03-15T15:41:47.6790727-03:00","Source":0},{"Id":302,"Name":"Sonja Wunsch","BirthDate":"1959-09-16T04:10:31.8167705-03:00","Source":0},{"Id":303,"Name":"Kenneth Waelchi","BirthDate":"1980-04-16T19:01:25.9022797-03:00","Source":0},{"Id":304,"Name":"Loren Erdman","BirthDate":"1974-01-03T12:43:16.0597888-02:00","Source":0},{"Id":305,"Name":"Deborah Dicki","BirthDate":"1973-12-12T20:55:54.8144941-02:00","Source":0},{"Id":306,"Name":"Nicole Dach","BirthDate":"1973-02-11T10:13:56.9644196-03:00","Source":0},{"Id":307,"Name":"Irving Durgan","BirthDate":"1988-12-06T03:00:59.3075507-02:00","Source":0},{"Id":308,"Name":"Phillip Hagenes","BirthDate":"1991-05-31T20:44:27.5470297-03:00","Source":0},{"Id":309,"Name":"Eloise Shields","BirthDate":"1963-11-12T21:26:34.7329196-02:00","Source":0},{"Id":310,"Name":"Nicole Yost","BirthDate":"1987-04-14T02:56:12.8556896-03:00","Source":0},{"Id":311,"Name":"Molly Littel","BirthDate":"1964-01-03T04:58:22.2940212-02:00","Source":0},{"Id":312,"Name":"Sadie Heathcote","BirthDate":"1993-07-11T04:32:37.3348924-03:00","Source":0},{"Id":313,"Name":"Steve Blanda","BirthDate":"1984-08-10T17:37:44.1971471-03:00","Source":0},{"Id":314,"Name":"Jerry Jacobi","BirthDate":"1979-09-27T15:08:44.1705642-03:00","Source":0},{"Id":315,"Name":"Colleen Hilpert","BirthDate":"1994-05-22T14:35:37.5720282-03:00","Source":0},{"Id":316,"Name":"Angel Collier","BirthDate":"2000-07-14T17:10:46.8291492-03:00","Source":0},{"Id":317,"Name":"Lonnie Purdy","BirthDate":"1970-09-29T12:27:25.0109153-03:00","Source":0},{"Id":318,"Name":"Jonathon Rolfson","BirthDate":"1990-02-28T02:07:27.8444554-03:00","Source":0},{"Id":319,"Name":"Alexander Collins","BirthDate":"2003-03-25T12:41:20.1985295-03:00","Source":0},{"Id":320,"Name":"Lowell Corwin","BirthDate":"1973-12-25T09:32:41.7563615-02:00","Source":0},{"Id":321,"Name":"Kristina Sawayn","BirthDate":"1987-11-20T10:45:03.1167408-02:00","Source":0},{"Id":322,"Name":"Jeanette Nolan","BirthDate":"1963-10-21T16:47:24.2832273-03:00","Source":0},{"Id":323,"Name":"Rudolph Hickle","BirthDate":"1957-09-03T22:13:12.1376919-03:00","Source":0},{"Id":324,"Name":"Shaun Schroeder","BirthDate":"1994-08-20T07:57:23.3591582-03:00","Source":0},{"Id":325,"Name":"Laurence Green","BirthDate":"1977-11-01T08:41:23.9910418-02:00","Source":0},{"Id":326,"Name":"Casey Hyatt","BirthDate":"1997-02-16T09:28:45.9223128-03:00","Source":0},{"Id":327,"Name":"Minnie Moen","BirthDate":"1977-01-26T20:17:39.8634582-02:00","Source":0},{"Id":328,"Name":"Ricardo Bergnaum","BirthDate":"2002-01-11T13:44:46.5741814-02:00","Source":0},{"Id":329,"Name":"Wilma Paucek","BirthDate":"1988-03-05T06:49:51.8988638-03:00","Source":0},{"Id":330,"Name":"Cary Kub","BirthDate":"1995-10-31T15:27:14.2135086-03:00","Source":0},{"Id":331,"Name":"Miranda Hartmann","BirthDate":"1974-06-19T03:04:00.5438739-03:00","Source":0},{"Id":332,"Name":"Elsa Kovacek","BirthDate":"1995-08-09T00:05:24.6067391-03:00","Source":0},{"Id":333,"Name":"Betsy Crooks","BirthDate":"1960-07-06T01:59:55.4237934-03:00","Source":0},{"Id":334,"Name":"Lance Langosh","BirthDate":"1958-12-16T00:11:56.8561198-02:00","Source":0},{"Id":335,"Name":"Debbie Collins","BirthDate":"1961-02-17T21:52:14.9363568-03:00","Source":0},{"Id":336,"Name":"Anthony Donnelly","BirthDate":"1991-09-29T06:43:02.6186367-03:00","Source":0},{"Id":337,"Name":"Beverly Upton","BirthDate":"1987-12-02T05:21:39.2578088-02:00","Source":0},{"Id":338,"Name":"Adam Kassulke","BirthDate":"2002-05-05T04:54:08.6776032-03:00","Source":0},{"Id":339,"Name":"Lyle Cummerata","BirthDate":"1963-06-25T00:31:13.6729654-03:00","Source":0},{"Id":340,"Name":"Denise King","BirthDate":"1957-05-12T20:07:23.7541812-03:00","Source":0},{"Id":341,"Name":"Lester Bode","BirthDate":"1968-01-13T20:35:54.953406-02:00","Source":0},{"Id":342,"Name":"Jeff Braun","BirthDate":"1998-03-06T03:57:30.03482-03:00","Source":0},{"Id":343,"Name":"Charlene Feil","BirthDate":"1983-10-19T19:07:17.2949448-03:00","Source":0},{"Id":344,"Name":"Dallas Gusikowski","BirthDate":"1995-09-04T04:42:54.8550829-03:00","Source":0},{"Id":345,"Name":"Mark Gottlieb","BirthDate":"1997-01-20T08:43:57.1994539-02:00","Source":0},{"Id":346,"Name":"Sarah Medhurst","BirthDate":"1983-02-20T07:38:19.8389868-03:00","Source":0},{"Id":347,"Name":"Percy Bernhard","BirthDate":"2003-03-01T16:54:27.3256548-03:00","Source":0},{"Id":348,"Name":"Mona Zemlak","BirthDate":"1981-05-31T08:09:51.3256588-03:00","Source":0},{"Id":349,"Name":"Rex Rosenbaum","BirthDate":"1988-04-11T03:03:22.2231733-03:00","Source":0},{"Id":350,"Name":"Israel Kris","BirthDate":"1977-03-04T12:36:45.8373376-03:00","Source":0},{"Id":351,"Name":"Holly Friesen","BirthDate":"1984-08-27T23:32:58.4478008-03:00","Source":0},{"Id":352,"Name":"Cornelius Satterfield","BirthDate":"1982-02-20T02:37:12.0085277-03:00","Source":0},{"Id":353,"Name":"Sharon Ullrich","BirthDate":"1997-07-26T23:43:37.5774107-03:00","Source":0},{"Id":354,"Name":"Blake Johnson","BirthDate":"2001-03-15T09:08:10.1451-03:00","Source":0},{"Id":355,"Name":"Francis Schumm","BirthDate":"1974-08-18T20:01:44.4126831-03:00","Source":0},{"Id":356,"Name":"Saul Johnston","BirthDate":"2001-04-17T01:13:09.0653721-03:00","Source":0},{"Id":357,"Name":"Kirk Schneider","BirthDate":"1996-08-30T00:25:04.6528177-03:00","Source":0},{"Id":358,"Name":"Diane Fay","BirthDate":"1967-01-05T09:20:46.4771842-02:00","Source":0},{"Id":359,"Name":"Alan Pfannerstill","BirthDate":"2002-02-12T00:20:33.9821304-03:00","Source":0},{"Id":360,"Name":"Pat Conroy","BirthDate":"2004-04-10T05:52:38.6924723-03:00","Source":0},{"Id":361,"Name":"Clifford Heaney","BirthDate":"1996-06-10T03:45:03.0424987-03:00","Source":0},{"Id":362,"Name":"Glenda Breitenberg","BirthDate":"1979-01-25T02:41:34.0156273-02:00","Source":0},{"Id":363,"Name":"Blanca Frami","BirthDate":"1999-05-14T02:57:03.2244817-03:00","Source":0},{"Id":364,"Name":"Jon Jaskolski","BirthDate":"2000-08-20T12:02:43.9266284-03:00","Source":0},{"Id":365,"Name":"Don Nikolaus","BirthDate":"1985-09-23T03:59:18.3678576-03:00","Source":0},{"Id":366,"Name":"Timothy Barton","BirthDate":"1996-10-03T14:02:39.7213494-03:00","Source":0},{"Id":367,"Name":"Jake Beer","BirthDate":"1978-12-09T17:03:56.977932-02:00","Source":0},{"Id":368,"Name":"Charles Robel","BirthDate":"1962-05-29T05:55:02.0451353-03:00","Source":0},{"Id":369,"Name":"Franklin Pacocha","BirthDate":"1964-02-21T02:13:31.9778458-03:00","Source":0},{"Id":370,"Name":"Charlotte Cassin","BirthDate":"1963-12-25T12:26:23.7020814-02:00","Source":0},{"Id":371,"Name":"Laurence Jerde","BirthDate":"1990-05-23T05:39:16.0387091-03:00","Source":0},{"Id":372,"Name":"Fredrick Wiegand","BirthDate":"1983-05-30T16:19:57.4058198-03:00","Source":0},{"Id":373,"Name":"Johnnie Satterfield","BirthDate":"1978-09-05T15:14:18.638252-03:00","Source":0},{"Id":374,"Name":"Alberto Kulas","BirthDate":"1969-12-09T21:46:00.1178986-02:00","Source":0},{"Id":375,"Name":"Troy Heidenreich","BirthDate":"1959-07-09T05:40:29.6661277-03:00","Source":0},{"Id":376,"Name":"Chester Ernser","BirthDate":"1961-09-06T02:53:51.9849902-03:00","Source":0},{"Id":377,"Name":"Monique Hirthe","BirthDate":"1996-03-09T15:08:20.4118688-03:00","Source":0},{"Id":378,"Name":"Stella Harber","BirthDate":"1991-02-15T19:29:22.9287631-03:00","Source":0},{"Id":379,"Name":"Wilfred Kreiger","BirthDate":"1985-06-27T01:01:23.9679159-03:00","Source":0},{"Id":380,"Name":"Cindy Emard","BirthDate":"2003-05-28T06:47:52.2702169-03:00","Source":0},{"Id":381,"Name":"Terry Collins","BirthDate":"1970-08-09T07:23:51.2990661-03:00","Source":0},{"Id":382,"Name":"Joan Torphy","BirthDate":"1995-01-09T00:14:34.1075264-02:00","Source":0},{"Id":383,"Name":"Joanne Fay","BirthDate":"1995-03-20T20:58:43.5591145-03:00","Source":0},{"Id":384,"Name":"Daniel Jenkins","BirthDate":"2004-03-26T19:00:33.3702072-03:00","Source":0},{"Id":385,"Name":"Alvin Dach","BirthDate":"1961-12-16T14:43:17.1089373-02:00","Source":0},{"Id":386,"Name":"Rita Conroy","BirthDate":"1987-12-16T21:15:49.7033812-02:00","Source":0},{"Id":387,"Name":"Stanley Howe","BirthDate":"2001-11-26T13:20:34.4522056-02:00","Source":0},{"Id":388,"Name":"John Rohan","BirthDate":"1974-02-22T18:24:37.1753215-03:00","Source":0},{"Id":389,"Name":"Juan McLaughlin","BirthDate":"2002-09-13T11:31:44.8684595-03:00","Source":0},{"Id":390,"Name":"Gerard Botsford","BirthDate":"1975-02-24T07:09:38.0019149-03:00","Source":0},{"Id":391,"Name":"Kathy Goyette","BirthDate":"1974-02-06T09:14:12.7191628-02:00","Source":0},{"Id":392,"Name":"Ollie Marks","BirthDate":"1975-12-15T12:14:41.8633944-02:00","Source":0},{"Id":393,"Name":"Monica Maggio","BirthDate":"1977-02-13T06:38:27.2194994-03:00","Source":0},{"Id":394,"Name":"Melvin Lemke","BirthDate":"1996-03-01T21:41:30.5199349-03:00","Source":0},{"Id":395,"Name":"Carole Kilback","BirthDate":"1984-01-17T03:51:06.9328164-02:00","Source":0},{"Id":396,"Name":"Gustavo Mertz","BirthDate":"1973-01-04T01:50:05.9577553-02:00","Source":0},{"Id":397,"Name":"Ricardo McLaughlin","BirthDate":"1981-12-20T06:58:14.6107755-02:00","Source":0},{"Id":398,"Name":"Kurt Rolfson","BirthDate":"1980-01-20T10:31:41.185221-02:00","Source":0},{"Id":399,"Name":"Lester Kiehn","BirthDate":"2001-09-23T15:58:47.5303971-03:00","Source":0},{"Id":400,"Name":"Leslie O\u0027Reilly","BirthDate":"1996-08-07T22:01:07.3773714-03:00","Source":0},{"Id":401,"Name":"Carol Parker","BirthDate":"1990-01-21T04:27:43.0354653-02:00","Source":0},{"Id":402,"Name":"Wilma Glover","BirthDate":"1957-09-21T06:06:15.2131789-03:00","Source":0},{"Id":403,"Name":"Fred Turner","BirthDate":"1982-06-24T01:01:05.1334275-03:00","Source":0},{"Id":404,"Name":"Ellis Greenholt","BirthDate":"1996-05-14T05:44:05.0069503-03:00","Source":0},{"Id":405,"Name":"Max Gutkowski","BirthDate":"1976-03-23T23:21:54.9559304-03:00","Source":0},{"Id":406,"Name":"Lawrence Rau","BirthDate":"1999-12-12T03:35:54.7593895-02:00","Source":0},{"Id":407,"Name":"Heidi Kutch","BirthDate":"1995-08-06T11:14:03.5713409-03:00","Source":0},{"Id":408,"Name":"Shirley White","BirthDate":"1994-08-13T03:11:59.3911639-03:00","Source":0},{"Id":409,"Name":"Orville Gottlieb","BirthDate":"2000-08-09T15:36:05.0013329-03:00","Source":0},{"Id":410,"Name":"Kenneth Walsh","BirthDate":"1981-11-10T04:01:46.2692141-02:00","Source":0},{"Id":411,"Name":"Edna Connelly","BirthDate":"1965-01-19T06:47:20.7515077-02:00","Source":0},{"Id":412,"Name":"Mike Cruickshank","BirthDate":"2002-04-18T13:20:06.2856774-03:00","Source":0},{"Id":413,"Name":"Kellie Parker","BirthDate":"1964-02-04T23:03:15.1286031-02:00","Source":0},{"Id":414,"Name":"Erica Kautzer","BirthDate":"2001-10-27T11:23:41.9523279-03:00","Source":0},{"Id":415,"Name":"Gail Bartoletti","BirthDate":"1984-06-10T21:51:34.112964-03:00","Source":0},{"Id":416,"Name":"Latoya Keeling","BirthDate":"1992-11-11T15:19:36.9143386-02:00","Source":0},{"Id":417,"Name":"Pedro Kshlerin","BirthDate":"1983-01-26T12:39:39.2300862-02:00","Source":0},{"Id":418,"Name":"Heidi Kshlerin","BirthDate":"1992-08-19T03:44:58.4613775-03:00","Source":0},{"Id":419,"Name":"Ida Wehner","BirthDate":"1965-10-24T07:05:06.7167902-03:00","Source":0},{"Id":420,"Name":"Ted Bechtelar","BirthDate":"1990-01-30T06:03:51.2111097-02:00","Source":0},{"Id":421,"Name":"Gail Jenkins","BirthDate":"1985-08-30T11:26:10.9503326-03:00","Source":0},{"Id":422,"Name":"Joel Reichel","BirthDate":"1961-10-03T03:39:28.6294841-03:00","Source":0},{"Id":423,"Name":"Lance Ward","BirthDate":"1967-06-15T16:50:30.7421961-03:00","Source":0},{"Id":424,"Name":"Wm Bernhard","BirthDate":"1956-05-29T10:43:48.2248397-03:00","Source":0},{"Id":425,"Name":"Brenda Balistreri","BirthDate":"1995-12-09T18:09:02.40362-02:00","Source":0},{"Id":426,"Name":"Marion Franecki","BirthDate":"1962-08-30T09:19:46.2232441-03:00","Source":0},{"Id":427,"Name":"Nathaniel Murray","BirthDate":"1976-03-20T04:42:44.5640488-03:00","Source":0},{"Id":428,"Name":"Thelma Ferry","BirthDate":"1997-06-21T05:47:39.2652645-03:00","Source":0},{"Id":429,"Name":"Salvador McCullough","BirthDate":"1992-06-07T06:41:38.9605944-03:00","Source":0},{"Id":430,"Name":"Annette Morar","BirthDate":"1999-07-22T00:24:00.5893259-03:00","Source":0},{"Id":431,"Name":"Donnie Halvorson","BirthDate":"1993-11-24T13:22:06.5750664-02:00","Source":0},{"Id":432,"Name":"Billy Mraz","BirthDate":"1997-04-01T10:59:55.8306269-03:00","Source":0},{"Id":433,"Name":"Simon Hills","BirthDate":"1994-01-18T05:27:30.789882-02:00","Source":0},{"Id":434,"Name":"Monica Morar","BirthDate":"1996-04-11T21:42:12.6205473-03:00","Source":0},{"Id":435,"Name":"Guillermo Jaskolski","BirthDate":"1998-03-08T17:15:33.7777151-03:00","Source":0},{"Id":436,"Name":"Erin Bergnaum","BirthDate":"1973-11-07T17:07:19.3048013-02:00","Source":0},{"Id":437,"Name":"Ignacio Orn","BirthDate":"1971-04-04T09:38:52.1136124-03:00","Source":0},{"Id":438,"Name":"Donna Bashirian","BirthDate":"1978-07-18T18:56:52.7983147-03:00","Source":0},{"Id":439,"Name":"Kendra Kunde","BirthDate":"1982-05-01T04:25:30.9607518-03:00","Source":0},{"Id":440,"Name":"Claude Adams","BirthDate":"1956-04-19T02:06:23.6338824-03:00","Source":0},{"Id":441,"Name":"Judith Cremin","BirthDate":"1989-04-04T18:11:51.4117725-03:00","Source":0},{"Id":442,"Name":"Derek Heidenreich","BirthDate":"1990-11-19T01:27:16.207576-02:00","Source":0},{"Id":443,"Name":"Casey Kilback","BirthDate":"1964-01-14T14:18:54.8877552-02:00","Source":0},{"Id":444,"Name":"Evelyn Lesch","BirthDate":"1988-04-10T18:21:44.0003826-03:00","Source":0},{"Id":445,"Name":"Alexandra Parker","BirthDate":"1993-05-29T06:52:54.7740601-03:00","Source":0},{"Id":446,"Name":"Billie Hilpert","BirthDate":"1991-12-15T12:27:47.3886547-02:00","Source":0},{"Id":447,"Name":"April Fisher","BirthDate":"1981-06-25T06:59:16.0372975-03:00","Source":0},{"Id":448,"Name":"Marjorie Olson","BirthDate":"1990-12-23T08:47:47.5493472-02:00","Source":0},{"Id":449,"Name":"Lucy Mayer","BirthDate":"1959-04-03T12:02:16.6879916-03:00","Source":0},{"Id":450,"Name":"Karen Halvorson","BirthDate":"1966-01-04T01:42:31.3382809-02:00","Source":0},{"Id":451,"Name":"Sergio Zulauf","BirthDate":"1972-12-13T21:53:46.4896861-02:00","Source":0},{"Id":452,"Name":"Darren Funk","BirthDate":"1979-05-07T08:45:20.243583-03:00","Source":0},{"Id":453,"Name":"Daniel Koepp","BirthDate":"1960-12-04T15:24:28.3191858-02:00","Source":0},{"Id":454,"Name":"Clark Lindgren","BirthDate":"1979-02-24T15:33:44.3865992-03:00","Source":0},{"Id":455,"Name":"Katherine Huel","BirthDate":"1969-09-19T23:06:54.9993318-03:00","Source":0},{"Id":456,"Name":"Orville Crist","BirthDate":"1980-11-23T13:26:58.1893509-02:00","Source":0},{"Id":457,"Name":"Pearl Thompson","BirthDate":"1968-12-03T17:57:55.55911-02:00","Source":0},{"Id":458,"Name":"Maurice McCullough","BirthDate":"1960-04-05T20:19:16.5411026-03:00","Source":0},{"Id":459,"Name":"Angelo Murray","BirthDate":"1992-09-13T06:54:46.8123549-03:00","Source":0},{"Id":460,"Name":"Ralph Schowalter","BirthDate":"1959-09-26T08:43:27.0088867-03:00","Source":0},{"Id":461,"Name":"Claire Cummings","BirthDate":"1962-07-10T22:46:15.997631-03:00","Source":0},{"Id":462,"Name":"Gerald Kuphal","BirthDate":"1961-05-15T22:08:42.782331-03:00","Source":0},{"Id":463,"Name":"Cedric Balistreri","BirthDate":"1985-06-19T01:33:28.2325579-03:00","Source":0},{"Id":464,"Name":"Jeannette Hintz","BirthDate":"1963-12-26T06:53:06.3480409-02:00","Source":0},{"Id":465,"Name":"Darrel Hermann","BirthDate":"1958-04-26T14:36:00.3530571-03:00","Source":0},{"Id":466,"Name":"Jodi West","BirthDate":"1981-10-26T04:37:58.0297717-03:00","Source":0},{"Id":467,"Name":"Terrence Wilderman","BirthDate":"1989-12-05T07:45:59.5415721-02:00","Source":0},{"Id":468,"Name":"Noel Jenkins","BirthDate":"1985-01-10T22:40:40.4321766-02:00","Source":0},{"Id":469,"Name":"Orlando Nienow","BirthDate":"1975-06-23T18:32:10.3573106-03:00","Source":0},{"Id":470,"Name":"Betty Heidenreich","BirthDate":"1962-05-15T12:00:25.7853117-03:00","Source":0},{"Id":471,"Name":"Leigh Streich","BirthDate":"1962-09-13T00:56:08.5440546-03:00","Source":0},{"Id":472,"Name":"Brad Kutch","BirthDate":"1974-10-27T10:44:48.6954682-03:00","Source":0},{"Id":473,"Name":"Karl Ondricka","BirthDate":"2002-11-19T22:29:36.0932065-02:00","Source":0},{"Id":474,"Name":"Wayne Turcotte","BirthDate":"2005-02-05T14:03:07.9868548-02:00","Source":0},{"Id":475,"Name":"Caleb King","BirthDate":"1974-07-25T17:05:50.1894181-03:00","Source":0},{"Id":476,"Name":"Jody Langworth","BirthDate":"1959-08-05T16:45:18.7989514-03:00","Source":0},{"Id":477,"Name":"Lorenzo Jones","BirthDate":"1956-07-12T03:11:03.391475-03:00","Source":0},{"Id":478,"Name":"Julio Reinger","BirthDate":"1986-11-17T19:26:35.6292235-02:00","Source":0},{"Id":479,"Name":"Natalie Dickens","BirthDate":"1978-03-22T06:34:53.7389258-03:00","Source":0},{"Id":480,"Name":"Mark Runte","BirthDate":"1968-02-27T20:27:13.0544664-03:00","Source":0},{"Id":481,"Name":"Danielle Torp","BirthDate":"1960-11-30T04:48:13.9714039-02:00","Source":0},{"Id":482,"Name":"Caroline Breitenberg","BirthDate":"1961-02-10T16:49:31.1219316-02:00","Source":0},{"Id":483,"Name":"Alan Thompson","BirthDate":"1958-04-20T15:38:41.1774899-03:00","Source":0},{"Id":484,"Name":"Jeremiah Von","BirthDate":"1970-09-02T18:19:12.7205971-03:00","Source":0},{"Id":485,"Name":"Jerome Hilll","BirthDate":"1973-02-11T06:17:07.9193115-03:00","Source":0},{"Id":486,"Name":"Marsha Carroll","BirthDate":"1957-09-30T08:53:29.9885081-03:00","Source":0},{"Id":487,"Name":"Deborah Tromp","BirthDate":"1971-06-02T07:02:33.0631529-03:00","Source":0},{"Id":488,"Name":"Marty Hessel","BirthDate":"1992-11-01T11:49:12.0067191-03:00","Source":0},{"Id":489,"Name":"Jermaine Schumm","BirthDate":"1973-07-04T14:46:44.0676935-03:00","Source":0},{"Id":490,"Name":"Ernestine Wisozk","BirthDate":"1981-09-09T18:15:35.5721959-03:00","Source":0},{"Id":491,"Name":"Nettie Strosin","BirthDate":"1976-11-27T07:53:39.4120064-02:00","Source":0},{"Id":492,"Name":"Angela Crona","BirthDate":"1993-04-20T19:04:47.1230223-03:00","Source":0},{"Id":493,"Name":"Hattie Walsh","BirthDate":"1969-06-13T03:30:12.5380959-03:00","Source":0},{"Id":494,"Name":"Arturo Feil","BirthDate":"1997-02-23T03:10:52.5415271-03:00","Source":0},{"Id":495,"Name":"Jay Hintz","BirthDate":"1984-12-28T04:09:23.720576-02:00","Source":0},{"Id":496,"Name":"Cody Hettinger","BirthDate":"1993-11-28T23:56:50.0164575-02:00","Source":0},{"Id":497,"Name":"Jaime Hane","BirthDate":"1989-03-29T22:04:32.5167431-03:00","Source":0},{"Id":498,"Name":"Jaime Conroy","BirthDate":"1966-04-13T00:07:15.7414491-03:00","Source":0},{"Id":499,"Name":"Micheal Cremin","BirthDate":"1979-02-12T11:22:51.8361794-03:00","Source":0}]